no_correlativo,tractor1,tractor2,tractor3,tractor4,faja1,faja2,escalera,remolcador_aeronave,agua_potable,drenadora,gpu,barra,acu,asu,loader_main_deck,loader_lower_deck,extintor_robot,unidad_fod,montacargas1,montacargas2,montacargas3,montacargas4,carreta1,carreta2,carreta3,carreta4,carreta5,dollies_cantidad
60,,,,,,,,,,,,,,,,,0,0,,,,,,,,,,0
61,,,,,,,,,,,,,,,,,0,0,,,,,,,,,,0
62,,,,,,,,,,,,,,,,,0,0,,,,,,,,,,0
63,,,,,,,,,,,,,,,,,0,0,,,,,,,,,,0
65,,,,,,,,,,,,,,,,,0,0,,,,,,,,,,0
66,,,,,,,,,,,,,,,,,0,0,,,,,,,,,,0
67,,,,,,,,,,,,,,,,,0,0,,,,,,,,,,0
68,AT-256,AT-305,,,AT-98,AT-236,,AT-230,AT-12,AT-47,AT-326,AT-10,AT-326,,,,43,3,,,,,AT-216,AT-12,AT-298,AT-202,AT-219,0
69,,,,,,,,,,,,,,,,,0,0,,,,,,,,,,0
71,,,,,,,,,,,,,,,,,0,0,,,,,,,,,,0
73,,,,,,,,,,,,,,,,,0,0,,,,,,,,,,0
74,,,,,,,,,,,,,,,,,0,0,,,,,,,,,,0
75,,,,,,,,,,,,,,,,,0,0,,,,,,,,,,0
76,AT-256,,,,,,,AT-230,,,,,,,,,0,2,,,,,,,,,,0
77,,,,,,,,,,,,,,,,,0,0,,,,,,,,,,0
78,,,,,,,,,,,,,,,,,0,0,,,,,,,,,,0
81,,,,,,,,,,,,,,,,,0,0,,,,,,,,,,0
82,,,,,,,,,,,,,,,,,0,0,,,,,,,,,,0
83,,,,,,,,,,,,,,,,,0,0,,,,,,,,,,0
85,,,,,,,,,,,,,,,,,0,0,,,,,,,,,,0
86,,,,,,,,,,,,,,,,,0,0,,,,,,,,,,0
87,,,,,,,,,,,,,,,,,0,0,,,,,,,,,,0
406,,,,,,,,,,,,,,,,,0,0,,,,,,,,,,0
407,,,,,,,,,,,,,,,,,0,0,,,,,,,,,,0
408,,,,,,,,,,,,,,,,,0,0,,,,,,,,,,0
409,,,,,,,,,,,,,,,,,0,0,,,,,,,,,,0
411,,,,,,,,,,,,,,,,,0,0,,,,,,,,,,0
412,,,,,,,,,,,,,,,,,0,0,,,,,,,,,,0
413,,,,,,,,,,,,,,,,,0,0,,,,,,,,,,0
415,,,,,,,,,,,,,,,,,0,0,,,,,,,,,,0
416,,,,,,,,,,,,,,,,,0,0,,,,,,,,,,0
417,,,,,,,,,,,,,,,,,0,0,,,,,,,,,,0
418,,,,,,,,,,,,,,,,,0,0,,,,,,,,,,0
419,,,,,,,,,,,,,,,,,0,0,,,,,,,,,,0
420,,,,,,,,,,,,,,,,,0,0,,,,,,,,,,0
421,,,,,,,,,,,,,,,,,0,0,,,,,,,,,,0
422,,,,,,,,,,,,,,,,,0,0,,,,,,,,,,0
423,,,,,,,,,,,,,,,,,0,0,,,,,,,,,,0
424,,,,,,,,,,,,,,,,,0,0,,,,,,,,,,0
427,,,,,,,,,,,,,,,,,0,0,,,,,,,,,,0
428,,,,,,,,,,,,,,,,,0,0,,,,,,,,,,0
429,,,,,,,,,,,,,,,,,0,0,,,,,,,,,,0
430,,,,,,,,,,,,,,,,,0,0,,,,,,,,,,0
431,,,,,,,,,,,,,,,,,0,0,,,,,,,,,,0
432,,,,,,,,,,,,,,,,,0,0,,,,,,,,,,0
623,,,,,,,,,,,,,,,,,0,0,,,,,,,,,,0
625,,,,,,,,,,,,,,,,,0,0,,,,,,,,,,0
626,AT-304,AT-305,,,,,AT-72,,,AT-255,,AT-13,,,,,0,11,,,,,,,,,,0
628,,,,,,,,,,,,,,,,,0,0,,,,,,,,,,0
629,,,,,,,,,,,,,,,,,0,0,,,,,,,,,,0
631,,,,,,,,,,,,,,,,,0,0,,,,,,,,,,0
665,,,,,,,,,,,,,,,,,0,0,,,,,,,,,,0
666,,,,,,,,,,,,,,,,,0,0,,,,,,,,,,0
667,,,,,,,,,,,,,,,,,0,0,,,,,,,,,,0
668,,,,,,,,,,,,,,,,,0,0,,,,,,,,,,0
669,,,,,,,,,,,,,,,,,0,0,,,,,,,,,,0
670,,,,,,,,,,,,,,,,,0,0,,,,,,,,,,0
671,,,,,,,,,,,,,,,,,0,0,,,,,,,,,,0
672,,,,,,,,,,,,,,,,,0,0,,,,,,,,,,0
673,,,,,,,,,,,,,,,,,0,0,,,,,,,,,,0
674,,,,,,,,,,,,,,,,,0,0,,,,,,,,,,0
675,,,,,,,,,,,,,,,,,0,0,,,,,,,,,,0
676,,,,,,,,,,,,,,,,,0,0,,,,,,,,,,0
677,,,,,,,,,,,,,,,,,0,0,,,,,,,,,,0
711,,,,,,,,,,,,,,,,,0,0,,,,,,,,,,0
712,,,,,,,,,,,,,,,,,0,0,,,,,,,,,,0
714,,,,,,,,,,,,,,,,,0,0,,,,,,,,,,0
787,,,,,,,,,,,,,,,,,0,0,,,,,,,,,,0
788,,,,,,,,,,,,,,,,,0,0,,,,,,,,,,0
789,,,,,,,,,,,,,,,,,0,0,,,,,,,,,,0
790,,,,,,,,,,,,,,,,,0,0,,,,,,,,,,0
792,,,,,,,,,,,,,,,,,0,0,,,,,,,,,,0
793,,,,,,,,,,,,,,,,,0,0,,,,,,,,,,0
794,,,,,,,,,,,,,,,,,0,0,,,,,,,,,,0
796,,,,,,,,,,,,,,,,,0,0,,,,,,,,,,0
798,,,,,,,,,,,,,,,,,0,0,,,,,,,,,,0
799,,,,,,,,,,,,,,,,,0,0,,,,,,,,,,0
800,,,,,,,,,,,,,,,,,0,0,,,,,,,,,,0
801,,,,,,,,,,,,,,,,,0,0,,,,,,,,,,0
802,,,,,,,,,,,,,,,,,0,0,,,,,,,,,,0
803,,,,,,,,,,,,,,,,,0,0,,,,,,,,,,0
804,,,,,,,,,,,,,,,,,0,0,,,,,,,,,,0
805,,,,,,,,,,,,,,,,,0,0,,,,,,,,,,0
808,,,,,,,,,,,,,,,,,0,0,,,,,,,,,,0
809,,,,,,,,,,,,,,,,,0,0,,,,,,,,,,0
810,,,,,,,,,,,,,,,,,0,0,,,,,,,,,,0
811,,,,,,,,,,,,,,,,,0,0,,,,,,,,,,0
812,,,,,,,,,,,,,,,,,0,0,,,,,,,,,,0
813,,,,,,,,,,,,,,,,,0,0,,,,,,,,,,0
935,,,,,,,,,,,,,,,,,0,0,,,,,,,,,,0
936,,,,,,,,,,,,,,,,,0,0,,,,,,,,,,0
937,,,,,,,,,,,,,,,,,0,0,,,,,,,,,,0
938,,,,,,,,,,,,,,,,,0,0,,,,,,,,,,0
940,,,,,,,,,,,,,,,,,0,0,,,,,,,,,,0
941,,,,,,,,,,,,,,,,,0,0,,,,,,,,,,0
942,,,,,,,,,,,,,,,,,0,0,,,,,,,,,,0
945,,,,,,,,,,,,,,,,,0,0,,,,,,,,,,0
946,,,,,,,,,,,,,,,,,0,0,,,,,,,,,,0
947,,,,,,,,,,,,,,,,,0,0,,,,,,,,,,0
948,,,,,,,,,,,,,,,,,0,0,,,,,,,,,,0
1217,,,,,,,,,,,,,,,,,0,0,,,,,,,,,,0
1218,,,,,,,,,,,,,,,,,0,0,,,,,,,,,,0
1219,,,,,,,,,,,,,,,,,0,0,,,,,,,,,,0
1220,,,,,,,,,,,,,,,,,0,0,,,,,,,,,,0
1222,,,,,,,,,,,,,,,,,0,0,,,,,,,,,,0
1223,,,,,,,,,,,,,,,,,0,0,,,,,,,,,,0
1224,,,,,,,,,,,,,,,,,0,0,,,,,,,,,,0
1226,,,,,,,,,,,,,,,,,0,0,,,,,,,,,,0
1227,,,,,,,,,,,,,,,,,0,0,,,,,,,,,,0
1228,,,,,,,,,,,,,,,,,0,0,,,,,,,,,,0
1230,,,,,,,,,,,,,,,,,0,0,,,,,,,,,,0
1231,,,,,,,,,,,,,,,,,0,0,,,,,,,,,,0
1232,,,,,,,,,,,,,,,,,0,0,,,,,,,,,,0
1233,,,,,,,,,,,,,,,,,0,0,,,,,,,,,,0
1234,,,,,,,,,,,,,,,,,0,0,,,,,,,,,,0
1235,,,,,,,,,,,,,,,,,0,0,,,,,,,,,,0
1238,,,,,,,,,,,,,,,,,0,0,,,,,,,,,,0
1239,,,,,,,,,,,,,,,,,0,0,,,,,,,,,,0
1240,,,,,,,,,,,,,,,,,0,0,,,,,,,,,,0
1241,,,,,,,,,,,,,,,,,0,0,,,,,,,,,,0
1242,,,,,,,,,,,,,,,,,0,0,,,,,,,,,,0
1243,,,,,,,,,,,,,,,,,0,0,,,,,,,,,,0
1326,,,,,,,,,,,,,,,,,0,0,,,,,,,,,,0
1327,,,,,,,,,,,,,,,,,0,0,,,,,,,,,,0
1329,,,,,,,,,,,,,,,,,0,0,,,,,,,,,,0
1331,,,,,,,,,,,,,,,,,0,0,,,,,,,,,,0
1332,,,,,,,,,,,,,,,,,0,0,,,,,,,,,,0
1333,,,,,,,,,,,,,,,,,0,0,,,,,,,,,,0
1334,,,,,,,,,,,,,,,,,0,0,,,,,,,,,,0
1335,,,,,,,,,,,,,,,,,0,0,,,,,,,,,,0
1336,,,,,,,,,,,,,,,,,0,0,,,,,,,,,,0
1337,,,,,,,,,,,,,,,,,0,0,,,,,,,,,,0
1338,,,,,,,,,,,,,,,,,0,0,,,,,,,,,,0
1339,,,,,,,,,,,,,,,,,0,0,,,,,,,,,,0
1340,,,,,,,,,,,,,,,,,0,0,,,,,,,,,,0
1411,,,,,,,,,,,,,,,,,0,0,,,,,,,,,,0
1412,,,,,,,,,,,,,,,,,0,0,,,,,,,,,,0
1413,,,,,,,,,,,,,,,,,0,0,,,,,,,,,,0
1414,,,,,,,,,,,,,,,,,0,0,,,,,,,,,,0
1416,,,,,,,,,,,,,,,,,0,0,,,,,,,,,,0
1417,,,,,,,,,,,,,,,,,0,0,,,,,,,,,,0
1418,,,,,,,,,,,,,,,,,0,0,,,,,,,,,,0
1419,,,,,,,,,,,,,,,,,0,0,,,,,,,,,,0
1420,,,,,,,,,,,,,,,,,0,0,,,,,,,,,,0
1421,,,,,,,,,,,,,,,,,0,0,,,,,,,,,,0
1423,,,,,,,,,,,,,,,,,0,0,,,,,,,,,,0
1424,,,,,,,,,,,,,,,,,0,0,,,,,,,,,,0
1425,,,,,,,,,,,,,,,,,0,0,,,,,,,,,,0
1496,,,,,,,,,,,,,,,,,0,0,,,,,,,,,,0
1497,,,,,,,,,,,,,,,,,0,0,,,,,,,,,,0
1498,,,,,,,,,,,,,,,,,0,0,,,,,,,,,,0
1501,,,,,,,,,,,,,,,,,0,0,,,,,,,,,,0
1502,,,,,,,,,,,,,,,,,0,0,,,,,,,,,,0
1503,,,,,,,,,,,,,,,,,0,0,,,,,,,,,,0
1504,,,,,,,,,,,,,,,,,0,0,,,,,,,,,,0
1505,,,,,,,,,,,,,,,,,0,0,,,,,,,,,,0
1506,,,,,,,,,,,,,,,,,0,0,,,,,,,,,,0
1508,,,,,,,,,,,,,,,,,0,0,,,,,,,,,,0
1509,,,,,,,,,,,,,,,,,0,0,,,,,,,,,,0
1510,,,,,,,,,,,,,,,,,0,0,,,,,,,,,,0
1566,,,,,,,,,,,,,,,,,0,0,,,,,,,,,,0
1567,,,,,,,,,,,,,,,,,0,0,,,,,,,,,,0
1568,,,,,,,,,,,,,,,,,0,0,,,,,,,,,,0
1569,,,,,,,,,,,,,,,,,0,0,,,,,,,,,,0
1570,,,,,,,,,,,,,,,,,0,0,,,,,,,,,,0
1571,,,,,,,,,,,,,,,,,0,0,,,,,,,,,,0
1572,,,,,,,,,,,,,,,,,0,0,,,,,,,,,,0
1574,,,,,,,,,,,,,,,,,0,0,,,,,,,,,,0
1575,,,,,,,,,,,,,,,,,0,0,,,,,,,,,,0
1576,,,,,,,,,,,,,,,,,0,0,,,,,,,,,,0
1638,,,,,,,,,,,,,,,,,0,0,,,,,,,,,,0
1639,,,,,,,,,,,,,,,,,0,0,,,,,,,,,,0
1640,,,,,,,,,,,,,,,,,0,0,,,,,,,,,,0
1641,,,,,AT-304,,,,,,,,,,,,44,0,,,,,,,,,,0
1642,,,,,,,,,,,,,,,,,0,0,,,,,,,,,,0
1643,,,,,,,,,,,,,,,,,0,0,,,,,,,,,,0
1644,,,,,,,,,,,,,,,,,0,0,,,,,,,,,,0
1645,,,,,,,,,,,,,,,,,0,0,,,,,,,,,,0
1646,,,,,,,,,,,,,,,,,0,0,,,,,,,,,,0
1649,,,,,,,,,,,,,,,,,0,0,,,,,,,,,,0
1650,,,,,,,,,,,,,,,,,0,0,,,,,,,,,,0
1651,,,,,,,,,,,,,,,,,0,0,,,,,,,,,,0
1652,,,,,,,,,,,,,,,,,0,0,,,,,,,,,,0
1747,,,,,,,,,,,,,,,,,0,0,,,,,,,,,,0
1748,,,,,,,,,,,,,,,,,0,0,,,,,,,,,,0
1749,,,,,,,,,,,,,,,,,0,0,,,,,,,,,,0
1750,,,,,,,,,,,,,,,,,0,0,,,,,,,,,,0
1752,,,,,,,,,,,,,,,,,0,0,,,,,,,,,,0
1753,,,,,,,,,,,,,,,,,0,0,,,,,,,,,,0
1754,,,,,,,,,,,,,,,,,0,0,,,,,,,,,,0
1755,AT-256,AT-304,,,,,,AT-230,,,,,,,,,0,2,,,,,,,,,,0
1756,,,,,,,,,,,,,,,,,0,0,,,,,,,,,,0
1757,,,,,,,,,,,,,,,,,0,0,,,,,,,,,,0
1760,,,,,,,,,,,,,,,,,0,0,,,,,,,,,,0
1761,,,,,,,,,,,,,,,,,0,0,,,,,,,,,,0
1762,,,,,,,,,,,,,,,,,0,0,,,,,,,,,,0
1856,,,,,,,,,,,,,,,,,0,0,,,,,,,,,,0
1857,,,,,,,,,,,,,,,,,0,0,,,,,,,,,,0
1858,,,,,,,,,,,,,,,,,0,0,,,,,,,,,,0
1859,,,,,,,,,,,,,,,,,0,0,,,,,,,,,,0
1861,,,,,,,,,,,,,,,,,0,0,,,,,,,,,,0
1862,,,,,,,,,,,,,,,,,0,0,,,,,,,,,,0
1863,,,,,,,,,,,,,,,,,0,0,,,,,,,,,,0
1866,,,,,,,,,,,,,,,,,0,0,,,,,,,,,,0
1867,,,,,,,,,,,,,,,,,0,0,,,,,,,,,,0
1868,AT-304,,,,,,,,AT-12,AT-47,,,,,,,0,0,,,,,,AT-12,,,,0
1869,,,,,,,,,,,,,,,,,0,0,,,,,,,,,,0
1870,,,,,,,,,,,,,,,,,0,0,,,,,,,,,,0
1871,,,,,,,,,,,,,,,,,0,0,,,,,,,,,,0
1872,,,,,,,,,,,,,,,,,0,0,,,,,,,,,,0
1873,,,,,,,,,,,,,,,,,0,0,,,,,,,,,,0
1874,,,,,,,,,,,,,,,,,0,0,,,,,,,,,,0
1877,,,,,,,,,,,,,,,,,0,0,,,,,,,,,,0
1878,,,,,,,,,,,,,,,,,0,0,,,,,,,,,,0
1879,,,,,,,,,,,,,,,,,0,0,,,,,,,,,,0
1880,,,,,,,,,,,,,,,,,0,0,,,,,,,,,,0
1881,,,,,,,,,,,,,,,,,0,0,,,,,,,,,,0
1882,,,,,,,,,,,,,,,,,0,0,,,,,,,,,,0
1883,,,,,,,,,,,,,,,,,0,0,,,,,,,,,,0
2001,,,,,,,,,,,,,,,,,0,0,,,,,,,,,,0
2002,,,,,,,,,,,,,,,,,0,0,,,,,,,,,,0
2003,,,,,,,,,,,,,,,,,0,0,,,,,,,,,,0
2004,,,,,,,,,,,,,,,,,0,0,,,,,,,,,,0
2007,,,,,,,,,,,,,,,,,0,0,,,,,,,,,,0
2008,,,,,,,,,,,,,,,,,0,0,,,,,,,,,,0
2010,,,,,,,,,,,,,,,,,0,0,,,,,,,,,,0
2011,,,,,,,,,,,,,,,,,0,0,,,,,,,,,,0
2013,,,,,,,,,,,,,,,,,0,0,,,,,,,,,,0
2014,,,,,,,,,,,,,,,,,0,0,,,,,,,,,,0
2015,,,,,,,,,,,,,,,,,0,0,,,,,,,,,,0
2016,,,,,,,,,,,,,,,,,0,0,,,,,,,,,,0
2017,,,,,,,,,,,,,,,,,0,0,,,,,,,,,,0
2018,,,,,,,,,,,,,,,,,0,0,,,,,,,,,,0
2019,,,,,,,,,,,,,,,,,0,0,,,,,,,,,,0
2022,,,,,,,,,,,,,,,,,0,0,,,,,,,,,,0
2023,,,,,,,,,,,,,,,,,0,0,,,,,,,,,,0
2024,,,,,,,,,,,,,,,,,0,0,,,,,,,,,,0
2025,,,,,,,,,,,,,,,,,0,0,,,,,,,,,,0
2026,,,,,,,,,,,,,,,,,0,0,,,,,,,,,,0
2027,,,,,,,,,,,,,,,,,0,0,,,,,,,,,,0
2028,,,,,,,,,,,,,,,,,0,0,,,,,,,,,,0
2146,,,,,,,,,,,,,,,,,0,0,,,,,,,,,,0
2147,,,,,,,,,,,,,,,,,0,0,,,,,,,,,,0
2148,,,,,,,,,,,,,,,,,0,0,,,,,,,,,,0
2149,,,,,,,,,,,,,,,,,0,0,,,,,,,,,,0
2151,,,,,,,,,,,,,,,,,0,0,,,,,,,,,,0
2152,,,,,,,,,,,,,,,,,0,0,,,,,,,,,,0
2153,,,,,,,,,,,,,,,,,0,0,,,,,,,,,,0
2154,AT-304,,,,,,,,,,,,,,,,42,3,,,,,,,,,,0
2155,,,,,,,,,,,,,,,,,0,0,,,,,,,,,,0
2156,,,,,,,,,,,,,,,,,0,0,,,,,,,,,,0
2157,,,,,,,,,,,,,,,,,0,0,,,,,,,,,,0
2158,,,,,,,,,,,,,,,,,0,0,,,,,,,,,,0
2159,,,,,,,,,,,,,,,,,0,0,,,,,,,,,,0
2160,,,,,,,,,,,,,,,,,0,0,,,,,,,,,,0
2161,,,,,,,,,,,,,,,,,0,0,,,,,,,,,,0
2162,,,,,,,,,,,,,,,,,0,0,,,,,,,,,,0
2163,,,,,,,,,,,,,,,,,0,0,,,,,,,,,,0
2164,,,,,,,,,,,,,,,,,0,0,,,,,,,,,,0
3038,,,,,,,,,,,,,,,,,0,0,,,,,,,,,,0
3039,AT-258,AT-256,,,,,,AT-14,,AT-47,,,,,,,41,3,,,,,,,,,,0
3040,,,,,,,,,,,,,,,,,0,0,,,,,,,,,,0
3042,,,,,,,,,,,,,,,,,0,0,,,,,,,,,,0
3044,,,,,,,,,,,,,,,,,0,0,,,,,,,,,,0
3046,,,,,,,,,,,,,,,,,0,0,,,,,,,,,,0
3095,,,,,,,,,,,,,,,,,0,0,,,,,,,,,,0
3096,,,,,,,,,,,,,,,,,0,0,,,,,,,,,,0
3097,,,,,,,,,,,,,,,,,0,0,,,,,,,,,,0
3098,,,,,,,,,,,,,,,,,0,0,,,,,,,,,,0
3099,,,,,,,,,,,,,,,,,0,0,,,,,,,,,,0
3100,,,,,,,,,,,,,,,,,0,0,,,,,,,,,,0
3101,,,,,,,,,,,,,,,,,0,0,,,,,,,,,,0
3102,,,,,,,,,,,,,,,,,0,0,,,,,,,,,,0
3103,,,,,,,,,,,,,,,,,0,0,,,,,,,,,,0
3104,,,,,,,,,,,,,,,,,0,0,,,,,,,,,,0
3105,,,,,,,,,,,,,,,,,0,0,,,,,,,,,,0
3106,,,,,,,,,,,,,,,,,0,0,,,,,,,,,,0
3107,,,,,,,,,,,,,,,,,0,0,,,,,,,,,,0
3108,,,,,,,,,,,,,,,,,0,0,,,,,,,,,,0
3109,,,,,,,,,,,,,,,,,0,0,,,,,,,,,,0
3110,,,,,,,,,,,,,,,,,0,0,,,,,,,,,,0
3111,,,,,,,,,,,,,,,,,0,0,,,,,,,,,,0
3148,,,,,,,,,,,,,,,,,0,0,,,,,,,,,,0
3150,,,,,,,,,,,,,,,,,0,0,,,,,,,,,,0
3199,,,,,,,,,,,,,,,,,0,0,,,,,,,,,,0
3200,,,,,,,,,,,,,,,,,0,0,,,,,,,,,,0
3201,,,,,,,,,,,,,,,,,0,0,,,,,,,,,,0
3202,,,,,,,,,,,,,,,,,0,0,,,,,,,,,,0
3203,,,,,,,,,,,,,,,,,0,0,,,,,,,,,,0
3204,,,,,,,,,,,,,,,,,0,0,,,,,,,,,,0
3205,,,,,,,,,,,,,,,,,0,0,,,,,,,,,,0
3206,,,,,,,,,,,,,,,,,0,0,,,,,,,,,,0
3207,,,,,,,,,,,,,,,,,0,0,,,,,,,,,,0
3208,,,,,,,,,,,,,,,,,0,0,,,,,,,,,,0
3209,,,,,,,,,,,,,,,,,0,0,,,,,,,,,,0
3211,,,,,,,,,,,,,,,,,0,0,,,,,,,,,,0
3212,,,,,,,,,,,,,,,,,0,0,,,,,,,,,,0
3213,,,,,,,,,,,,,,,,,0,0,,,,,,,,,,0
3214,,,,,,,,,,,,,,,,,0,0,,,,,,,,,,0
3215,,,,,,,,,,,,,,,,,0,0,,,,,,,,,,0
3216,,,,,,,,,,,,,,,,,0,0,,,,,,,,,,0
3257,,,,,,,,,,,,,,,,,0,0,,,,,,,,,,0
3258,,,,,,,,,,,,,,,,,0,0,,,,,,,,,,0
3260,,,,,,,,,,,,,,,,,0,0,,,,,,,,,,0
3262,,,,,,,,,,,,,,,,,0,0,,,,,,,,,,0
3263,AT-304,AT-305,,,,,,,,,,,,,,,41,0,,,,,,,,,,0
3264,,,,,,,,,,,,,,,,,0,0,,,,,,,,,,0
3266,,,,,,,,,,,,,,,,,0,0,,,,,,,,,,0
3296,,,,,,,,,,,,,,,,,0,0,,,,,,,,,,0
3297,AT-304,AT-21,,,,,,,AT-12,AT-47,,,,,,,44,11,,,,,,AT-12,,,,0
3326,,,,,,,,,,,,,,,,,0,0,,,,,,,,,,0
3328,,,,,,,,,,,,,,,,,0,0,,,,,,,,,,0
3330,,,,,,,,,,,,,,,,,0,0,,,,,,,,,,0
3331,AT-304,AT-256,,,,,,,,AT-47,,,,,,,40,2,,,,,,,,,,0
3332,,,,,,,,,,,,,,,,,0,0,,,,,,,,,,0
3334,,,,,,,,,,,,,,,,,0,0,,,,,,,,,,0
3383,,,,,,,,,,,,,,,,,0,0,,,,,,,,,,0
3384,,,,,,,,,,,,,,,,,0,0,,,,,,,,,,0
3385,,,,,,,,,,,,,,,,,0,0,,,,,,,,,,0
3386,,,,,,,,,,,,,,,,,0,0,,,,,,,,,,0
3387,,,,,,,,,,,,,,,,,0,0,,,,,,,,,,0
3388,,,,,,,,,,,,,,,,,0,0,,,,,,,,,,0
3389,,,,,,,,,,,,,,,,,0,0,,,,,,,,,,0
3390,,,,,,,,,,,,,,,,,0,0,,,,,,,,,,0
3391,,,,,,,,,,,,,,,,,0,0,,,,,,,,,,0
3392,,,,,,,,,,,,,,,,,0,0,,,,,,,,,,0
3393,,,,,,,,,,,,,,,,,0,0,,,,,,,,,,0
3394,,,,,,,,,,,,,,,,,0,0,,,,,,,,,,0
3395,,,,,,,,,,,,,,,,,0,0,,,,,,,,,,0
3396,,,,,,,,,,,,,,,,,0,0,,,,,,,,,,0
3397,,,,,,,,,,,,,,,,,0,0,,,,,,,,,,0
3398,,,,,,,,,,,,,,,,,0,0,,,,,,,,,,0
3399,,,,,,,,,,,,,,,,,0,0,,,,,,,,,,0
3400,,,,,,,,,,,,,,,,,0,0,,,,,,,,,,0
3442,,,,,,,,,,,,,,,,,0,0,,,,,,,,,,0
3444,,,,,,,,,,,,,,,,,0,0,,,,,,,,,,0
3446,,,,,,,,,,,,,,,,,0,0,,,,,,,,,,0
3448,,,,,,,,,,,,,,,,,0,0,,,,,,,,,,0
3450,,,,,,,,,,,,,,,,,0,0,,,,,,,,,,0
3498,,,,,,,,,,,,,,,,,0,0,,,,,,,,,,0
3554,,,,,,,,,,,,,,,,,0,0,,,,,,,,,,0
3556,,,,,,,,,,,,,,,,,0,0,,,,,,,,,,0
3558,,,,,,,,,,,,,,,,,0,0,,,,,,,,,,0
3560,AT-14,AT-16,,,,,,AT-16,AT-115,,,,,AT-175,,,0,0,,,,,AT-177,AT-115,,AT-177,,0
3562,,,,,,,,,,,,,,,,,0,0,,,,,,,,,,0
3611,,,,,,,,,,,,,,,,,0,0,,,,,,,,,,0
3612,,,,,,,,,,,,,,,,,0,0,,,,,,,,,,0
3613,,,,,,,,,,,,,,,,,0,0,,,,,,,,,,0
3614,,,,,,,,,,,,,,,,,0,0,,,,,,,,,,0
3615,,,,,,,,,,,,,,,,,0,0,,,,,,,,,,0
3616,,,,,,,,,,,,,,,,,0,0,,,,,,,,,,0
3617,,,,,,,,,,,,,,,,,0,0,,,,,,,,,,0
3618,,,,,,,,,,,,,,,,,0,0,,,,,,,,,,0
3619,,,,,,,,,,,,,,,,,0,0,,,,,,,,,,0
3620,,,,,,,,,,,,,,,,,0,0,,,,,,,,,,0
3621,,,,,,,,,,,,,,,,,0,0,,,,,,,,,,0
3622,,,,,,,,,,,,,,,,,0,0,,,,,,,,,,0
3623,,,,,,,,,,,,,,,,,0,0,,,,,,,,,,0
3624,,,,,,,,,,,,,,,,,0,0,,,,,,,,,,0
3625,,,,,,,,,,,,,,,,,0,0,,,,,,,,,,0
3626,,,,,,,,,,,,,,,,,0,0,,,,,,,,,,0
3627,,,,,,,,,,,,,,,,,0,0,,,,,,,,,,0
3628,,,,,,,,,,,,,,,,,0,0,,,,,,,,,,0
3667,,,,,,,,,,,,,,,,,0,0,,,,,,,,,,0
3668,,,,,,,,,,,,,,,,,0,0,,,,,,,,,,0
3669,,,,,,,,,,,,,,,,,0,0,,,,,,,,,,0
3670,,,,,,,,,,,,,,,,,0,0,,,,,,,,,,0
3671,,,,,,,,,,,,,,,,,0,0,,,,,,,,,,0
3672,,,,,,,,,,,,,,,,,0,0,,,,,,,,,,0
3673,,,,,,,,,,,,,,,,,0,0,,,,,,,,,,0
3674,,,,,,,,,,,,,,,,,0,0,,,,,,,,,,0
3705,,,,,,,,,,,,,,,,,0,0,,,,,,,,,,0
3706,,,,,,,,,,,,,,,,,0,0,,,,,,,,,,0
3707,,,,,,,,,,,,,,,,,0,0,,,,,,,,,,0
3708,,,,,,,,,,,,,,,,,0,0,,,,,,,,,,0
3709,,,,,,,,,,,,,,,,,0,0,,,,,,,,,,0
3710,,,,,,,,,,,,,,,,,0,0,,,,,,,,,,0
3711,,,,,,,,,,,,,,,,,0,0,,,,,,,,,,0
3712,,,,,,,,,,,,,,,,,0,0,,,,,,,,,,0
3713,,,,,,,,,,,,,,,,,0,0,,,,,,,,,,0
3714,,,,,,,,,,,,,,,,,0,0,,,,,,,,,,0
3728,,,,,,,,,,,,,,,,,0,0,,,,,,,,,,0
4327,AT-304,AT-305,,,AT-215,AT-260,,,,AT-47,AT-86,,,,,,45,7,,,,,AT-319,,AT-210,AT-313,AT-209,0
5949,,,,,,,,,,,,,,,,,0,0,,,,,,,,,,0
5953,AT-227,AT-3,,,,,,AT-212,,,AT-328,AT-114,,,,,42,0,,,,,,,,,,0
5958,,,,,,,,,,,,,,,,,0,0,,,,,,,,,,0
5959,AT-305,AT-257,,,,,,AT-230,,,AT-328,,,,,,0,0,,,,,AT-202,,,,,0
5963,AT-257,AT-305,,,,,,AT-230,,,AT-328,,,,,,45,0,,,,,AT-202,,AT-299,AT-202,,0
5964,AT-305,,,,,,,AT-230,,,AT-328,,,,,,42,2,,,,,AT-210,,,,,0
5965,,AT-305,,,,,,AT-212,,,AT-328,,,,,,43,2,,,,,AT-300,,,,,0
5966,AT-304,AT-305,,,,,,AT-212,,,AT-328,,,,,,43,3,,,,,AT-202,,,,,0
5968,AT-258,,,,,,,AT-230,,,AT-328,,,,,,42,0,,,,,AT-319,,,,,0
5969,AT-258,,,,,,,AT-212,,,,,,,,,43,2,,,,,,,,,,0
5970,AT-256,,,,,,,AT-230,,,,,AT-328,,,,41,0,,,,,AT-300,,,,,0
5971,AT-258,,,,,,,AT-212,,,,,,,,,42,2,,,,,AT-300,,,,,0
5972,AT-305,,,,,,,AT-230,,,AT-328,,,,,,45,4,,,,,AT-300,,,,,0
5973,,AT-258,,,,,,AT-230,,,AT-328,,,,,,44,2,,,,,AT-208,,,,,0
6055,,,,,,,,,,,,,,,,,0,0,,,,,,,,,,0
6056,AT-304,AT-305,,,,,,,AT-12,AT-47,AT-328,,,,,,42,0,,,,,,AT-12,,AT-202,,0
6059,AT-304,,,,,,,,,AT-47,AT-328,,,,,,42,0,,,,,AT-209,,,,,0
6061,AT-257,AT-305,,,,,,,AT-12,AT-47,AT-328,,,,,,41,0,,,,,AT-311,AT-12,,,,0
6064,AT-304,,,,,,,,,AT-47,AT-328,,,,,,43,2,,,,,AT-202,,,,,0
6067,AT-305,,,,,,,,,AT-255,AT-328,,,,,,44,3,,,,,AT-300,,,,,0
6069,AT-305,,,,,,,,,AT-47,AT-328,,,,,,45,11,,,,,AT-300,,,,,0
6071,AT-304,,,,,,,,AT-12,AT-255,AT-328,,,,,,44,0,,,,,AT-202,AT-12,,,,0
6146,AT-305,,,,,,,AT-230,,,AT-328,,,,,,45,9,,,,,AT-319,,,,,0
6153,AT-305,AT-56,,,,,,AT-212,,,AT-328,,,,,,42,7,,,,,AT-27,,AT-298,,,0
6156,AT-94,AT-258,,,,,,AT-230,,,AT-328,,,,,,43,0,,,,,AT-311,,,,,0
6159,AT-256,AT-305,,,,,,AT-230,,,AT-328,,,,,,46,7,,,,,AT-202,,,,,0
6233,,,,,,,,,,,,,,,,,0,0,,,,,,,,,,0
6235,AT-305,AT-258,,,,,,,AT-12,AT-47,AT-328,,,,,,43,0,,,,,AT-311,AT-12,,,,0
6237,AT-304,AT-305,,,,,,AT-230,AT-115,AT-47,AT-328,,,,,,46,0,,,,,AT-209,AT-115,,,,0
6242,AT-304,AT-305,,,,,,,AT-115,AT-47,AT-328,,,,,,46,0,,,,,AT-202,AT-115,,,,0
6250,AT-258,,,,,,,,AT-12,AT-47,AT-328,,,,,,44,0,,,,,AT-217,AT-12,,,,0
6308,,,,,,,,,,,,,,,,,0,0,,,,,,,,,,0
6317,AT-16,,,,,,,,,AT-255,AT-328,,,,,,45,0,,,,,,,,,,0
6319,AT-304,,,,,,,,,,AT-328,,,,,,46,6,,,,,AT-319,,,,,0
6395,AT-256,AT-305,,,AT-214,AT-235,,AT-230,AT-12,AT-47,AT-324,,,,,,41,0,,,,,AT-310,AT-12,AT-107,AT-307,AT-216,0
6397,AT-304,AT-304,,,AT-236,AT-98,,AT-85,AT-12,AT-255,AT-325,,,,,,48,3,,,,,AT-300,AT-12,AT-311,AT-299,,0
6398,AT-304,AT-305,,,AT-259,AT-318,,AT-212,AT-115,AT-255,AT-326,AT-13,,,,,40,0,,,,,AT-208,AT-115,AT-219,AT-315,AT-24,0
6399,,,,,,,,,,,,,,,,,0,0,,,,,,,,,,0
6403,AT-304,AT-305,,,AT-260,AT-259,,AT-85,AT-115,AT-255,AT-326,AT-114,,,,,48,0,,,,,AT-192,AT-115,AT-217,AT-117,AT-208,0
6405,AT-304,AT-257,,,AT-235,AT-97,,AT-85,AT-12,AT-47,AT-326,,,,,,43,0,,,,,AT-312,AT-12,AT-205,AT-314,AT-209,0
6410,AT-305,AT-258,,,AT-260,AT-97,,AT-230,AT-12,AT-47,AT-326,,,,,,44,0,,,,,AT-107,AT-12,AT-222,AT-319,AT-300,0
6413,AT-256,AT-304,,,AT-236,AT-235,,AT-85,AT-12,AT-255,AT-324,,AT-324,,,,2,2,,,,,AT-107,AT-12,AT-117,AT-197,AT-203,0
6414,AT-258,AT-305,,,AT-317,AT-98,,AT-14,AT-12,AT-47,AT-324,,,,,,41,0,,,,,AT-107,AT-12,AT-208,AT-300,AT-104,0
6415,AT-258,AT-304,,,AT-215,AT-98,,AT-230,AT-12,AT-47,AT-325,,,,,,41,0,,,,,AT-208,AT-12,AT-220,AT-300,AT-107,0
6416,AT-305,AT-56,,,AT-235,AT-236,,AT-230,AT-116,AT-255,AT-324,AT-10,,,,,8,2,,,,,AT-19,AT-116,AT-108,AT-19,AT-131,0
6418,AT-258,AT-304,,,AT-259,AT-215,,AT-230,AT-12,AT-47,AT-326,,,,,,46,2,,,,,AT-300,AT-12,AT-310,AT-131,AT-25,0
6419,AT-258,,,,AT-214,AT-235,,AT-230,AT-12,AT-255,AT-325,,,,,,46,2,,,,,AT-117,AT-12,AT-19,,AT-192,0
6420,AT-56,AT-56,,,AT-236,AT-63,,AT-14,AT-12,AT-47,AT-172,,,,,,45,11,,,,,AT-300,AT-12,AT-311,AT-208,AT-299,0
6422,AT-256,AT-46,,,AT-215,AT-317,,AT-230,AT-12,AT-47,AT-326,,,,,,40,2,,,,,AT-109,AT-12,AT-202,,AT-197,0
6423,AT-304,AT-305,,,AT-236,AT-215,,AT-212,AT-12,AT-255,AT-325,,,,,,44,3,,,,,AT-311,AT-12,AT-300,AT-299,AT-209,0
6518,,,,,,,,,,,,,,,,,0,0,,,,,,,,,,0
6520,AT-258,AT-305,,,AT-318,AT-98,,,AT-12,AT-47,AT-324,,,,,,43,0,,,,,AT-302,AT-12,AT-310,AT-131,,0
6522,AT-304,AT-305,,,AT-235,AT-98,,,AT-115,AT-47,AT-326,AT-10,,,,,42,3,,,,,AT-298,AT-115,AT-209,AT-223,AT-219,35
6526,AT-94,AT-258,,,AT-317,AT-260,,,AT-12,AT-47,AT-325,,,,,,45,0,,,,,AT-299,AT-12,AT-300,AT-109,AT-220,0
6527,AT-305,AT-256,,,AT-214,AT-215,,,AT-12,AT-255,AT-326,,,,,,49,2,,,,,AT-103,AT-12,AT-216,AT-223,AT-314,76
6533,AT-304,AT-305,,,AT-318,AT-97,,,AT-12,AT-47,AT-325,,,,,,41,9,,,,,AT-210,AT-12,AT-205,AT-104,AT-107,38
6603,,,,,,,,,,,,,,,,,0,0,,,,,,,,,,0
6605,AT-305,AT-304,,,AT-318,AT-215,,AT-85,,,AT-326,,,,,,44,3,,,,,AT-300,,AT-311,,,0
6607,AT-304,AT-305,,,AT-259,AT-83,,AT-212,,,AT-326,AT-114,,,,,40,0,,,,,AT-202,,AT-204,AT-222,AT-209,0
6609,AT-304,AT-56,,,AT-260,AT-98,,AT-230,,,AT-324,,,,,,2,2,,,,,AT-110,,AT-19,,AT-202,0
6611,AT-258,AT-304,,,AT-98,AT-236,,AT-212,,,AT-326,,,,,,48,1,,,,,AT-202,,AT-27,,AT-219,0
6613,AT-256,AT-304,,,AT-317,AT-260,,AT-230,,,AT-326,,,,,,44,2,,,,,AT-107,,AT-117,,,0
6614,AT-258,,,,AT-317,AT-63,,AT-230,,,,,,,,,42,1,,,,,AT-107,,AT-300,,AT-298,0
6616,AT-305,,,,,,,AT-230,,,AT-324,,,,,,45,0,,,,,AT-219,,AT-300,,,0
6617,AT-305,,,,AT-215,AT-98,,AT-212,,,AT-324,,,,,,45,1,,,,,AT-308,,AT-311,AT-203,AT-27,0
6618,AT-304,AT-258,,,AT-317,AT-236,,AT-230,,,,,,,,,41,11,,,,,AT-300,,AT-299,AT-311,,0
6619,,AT-304,,,AT-235,AT-259,,AT-230,,,AT-326,,,,,,44,2,,,,,AT-192,,,AT-131,,0
6714,,,,,,,,,,,,,,,,,0,0,,,,,,,,,,0
6718,AT-304,AT-305,,,AT-236,AT-259,,,AT-115,AT-47,AT-326,,,,,,41,1,,,,,AT-205,AT-115,AT-209,AT-219,,0
6723,AT-304,AT-305,,,AT-236,AT-214,,,AT-115,AT-47,AT-326,,,,,,50,0,,,,,AT-202,AT-115,AT-220,AT-109,AT-302,0
6728,AT-305,AT-56,,,AT-259,AT-214,,,,AT-47,AT-324,,,,,,45,4,,,,,AT-216,,AT-314,AT-309,,0
6738,AT-305,AT-304,,,AT-318,AT-97,,,AT-12,AT-47,AT-324,,,,,,40,10,,,,,AT-107,AT-12,AT-205,AT-204,AT-110,0
6865,AT-256,AT-305,,,AT-236,AT-97,,AT-230,,,,,,,,,42,1,,,,,AT-220,,AT-300,AT-23,,0
6867,AT-256,AT-305,,,AT-236,AT-317,,AT-230,,,AT-326,,,,,,44,3,,,,,AT-300,,AT-218,,,0
6869,,,,,,,,,,,,,,,,,0,0,,,,,,,,,,0
6879,AT-257,AT-305,,,,,,AT-230,AT-12,,AT-326,,,,,,43,0,,,,,AT-311,AT-12,,,,0
6883,AT-257,AT-305,,,AT-97,AT-236,,AT-230,,,AT-324,,,,,,43,0,,,,,AT-309,,AT-217,AT-202,,0
6885,AT-258,AT-305,,,AT-98,AT-317,,AT-212,,,,,,,,,4,5,,,,,AT-311,,AT-319,,,0
6887,AT-305,,,,AT-235,AT-236,,AT-85,,,,,,,,,40,0,,,,,AT-316,,AT-27,,AT-107,0
6888,AT-258,AT-305,,,AT-63,AT-317,,AT-230,,,AT-324,,,,,,40,0,,,,,AT-220,,AT-319,,,0
6889,,AT-305,,,AT-98,AT-318,,AT-212,,,AT-324,,,,,,42,2,,,,,AT-223,,AT-109,,,0
6890,AT-6,AT-256,,,AT-235,AT-236,,AT-230,,,AT-326,,,,,,40,2,,,,,AT-117,,AT-110,,,0
6893,AT-305,AT-304,,,AT-318,AT-215,,AT-230,,,AT-324,,,,,,44,3,,,,,AT-300,,AT-208,AT-209,,0
7014,,,,,,,,,,,,,,,,,0,0,,,,,,,,,,0
7018,AT-304,AT-305,,,AT-236,AT-259,,,AT-115,AT-47,AT-172,,,,,,50,0,,,,,AT-216,AT-115,AT-202,AT-219,AT-220,0
7165,AT-305,AT-256,,,AT-236,,,AT-230,,,,,,,,,41,0,,,,,AT-300,,AT-298,AT-202,,0
7167,AT-304,,,,AT-97,AT-317,,AT-230,,,AT-325,,,,,,41,3,,,,,AT-300,,AT-311,AT-299,,0
7168,AT-304,AT-305,,,AT-235,AT-215,,AT-212,,,AT-86,AT-13,,,,,45,0,,,,,AT-192,,AT-218,AT-27,AT-107,0
7169,,,,,,,,,,,,,,,,,0,0,,,,,,,,,,0
7177,AT-304,AT-304,,,AT-259,AT-235,,AT-230,,,AT-324,AT-13,,,,,45,0,,,,,AT-19,,AT-208,AT-109,AT-219,0
7179,AT-304,AT-56,,,AT-260,AT-98,,AT-230,,,AT-324,,,,,,44,0,,,,,AT-110,,AT-19,,AT-202,0
7181,AT-258,AT-304,,,AT-215,AT-98,,AT-212,,,AT-325,,,,,,44,0,,,,,AT-209,,AT-27,AT-319,AT-300,0
7183,AT-256,AT-304,,,AT-317,AT-260,,AT-85,,,AT-306,,,,,,48,0,,,,,AT-107,,AT-117,,AT-203,0
7184,AT-258,,,,AT-317,AT-98,,AT-230,,,AT-324,,,,,,48,0,,,,,AT-27,,AT-221,AT-319,AT-298,0
7185,AT-258,AT-304,,,AT-317,AT-98,,AT-230,,,AT-325,,,,,,41,0,,,,,AT-27,,AT-319,AT-207,,0
7187,AT-305,,,,AT-235,AT-235,,AT-85,,,,,,,,,42,0,,,,,AT-300,,AT-298,AT-298,,0
7188,AT-305,AT-304,,,AT-97,AT-63,,AT-85,,,AT-326,,,,,,41,3,,,,,AT-313,,AT-209,AT-300,,0
7189,AT-256,AT-304,,,AT-318,AT-98,,AT-212,,,AT-326,,,,,,43,0,,,,,AT-110,,AT-110,,,0
7190,AT-6,,,,AT-235,AT-236,,AT-85,,,AT-324,,,,,,40,2,,,,,AT-192,,,,,0
7193,AT-305,AT-258,,,AT-215,AT-260,,AT-212,,,AT-325,,,,,,44,3,,,,,AT-300,,AT-311,AT-209,,0
7259,,,,,,,,,,,,,,,,,0,0,,,,,,,,,,0
7271,,,,,,,,,,,,,,,,,0,0,,,,,,,,,,0
7346,AT-305,AT-56,,,AT-236,AT-215,,AT-230,AT-12,AT-47,,AT-10,,,,,45,3,,,,,AT-311,AT-12,AT-208,AT-300,AT-209,164
7347,AT-305,AT-258,,,AT-236,AT-63,,AT-85,AT-12,AT-47,,AT-10,,,,,40,11,,,,,AT-300,AT-12,AT-208,AT-27,,83
7349,AT-305,,,,AT-259,AT-235,,AT-230,AT-12,AT-47,,AT-10,,,,,45,1,,,,,AT-315,AT-12,AT-202,,AT-308,2
7350,AT-305,AT-304,,,AT-97,AT-98,,AT-85,AT-12,AT-47,,AT-10,,,,,45,11,,,,,AT-311,AT-12,AT-27,,AT-300,160
7356,AT-304,AT-305,,,AT-318,AT-259,,AT-212,AT-12,AT-255,,,,,,,44,2,,,,,AT-300,AT-12,AT-202,AT-27,AT-192,0
7359,AT-304,AT-56,,,AT-259,AT-98,,AT-230,AT-12,AT-255,,,,,,,44,2,,,,,AT-110,AT-12,AT-19,AT-197,AT-202,0
7361,AT-258,AT-305,,,AT-236,AT-317,,AT-212,AT-12,AT-47,,,,,,,44,6,,,,,AT-210,AT-12,AT-108,AT-210,,0
7363,AT-305,AT-257,,,AT-236,AT-98,,AT-230,AT-12,AT-47,,,,,,,43,0,,,,,AT-217,AT-12,AT-311,AT-209,AT-299,0
7364,AT-305,AT-304,,,AT-63,AT-260,,AT-14,AT-12,AT-255,,AT-10,,,,,44,11,,,,,AT-300,AT-12,AT-209,AT-208,,0
7366,AT-304,AT-305,,,AT-214,AT-98,,AT-230,AT-12,AT-255,,AT-10,,,,,40,0,,,,,AT-202,AT-12,AT-24,AT-301,,0
7367,AT-257,AT-304,,,AT-235,AT-236,,AT-14,AT-12,AT-47,,AT-10,,,,,45,2,,,,,AT-109,AT-12,AT-205,AT-223,AT-210,0
7369,AT-305,AT-258,,,AT-235,AT-259,,AT-212,AT-12,AT-255,,AT-10,,,,,43,2,,,,,AT-110,AT-12,AT-192,AT-203,AT-202,0
7370,AT-256,AT-304,,,AT-235,AT-98,,AT-14,AT-12,AT-47,,AT-10,,,,,44,3,,,,,AT-19,AT-12,AT-131,,,0
7371,AT-228,,,,AT-235,AT-98,,AT-212,AT-12,AT-255,,AT-10,,,,,46,2,,,,,AT-218,AT-12,AT-49,AT-315,AT-319,0
7372,AT-305,AT-304,,,AT-259,AT-236,,AT-230,AT-12,AT-255,,AT-10,,,,,40,0,,,,,AT-209,AT-12,AT-26,AT-208,AT-117,0
7373,AT-258,AT-256,,,AT-98,AT-235,,AT-230,AT-12,AT-47,,,,,,,44,2,,,,,AT-131,AT-12,AT-197,,,0
7514,AT-305,AT-56,,,AT-236,AT-260,,AT-230,AT-12,AT-47,,AT-10,,,,,45,3,,,,,AT-311,AT-12,AT-208,AT-300,AT-209,85
7515,AT-304,AT-305,,,AT-236,AT-63,,AT-85,AT-12,AT-47,,,,,,,40,11,,,,,AT-300,AT-12,AT-208,AT-207,,83
7517,AT-305,AT-258,,,AT-235,AT-259,,AT-230,AT-12,AT-47,,,,,,,45,1,,,,,AT-216,AT-12,AT-315,AT-208,AT-27,0
7518,AT-305,AT-305,,,AT-98,AT-215,,AT-230,AT-12,AT-47,,,,,,,43,0,,,,,AT-300,AT-12,AT-299,AT-202,AT-315,0
7527,AT-304,AT-56,,,AT-259,AT-98,,AT-230,AT-12,AT-255,,,,,,,44,2,,,,,AT-110,AT-12,AT-19,AT-197,AT-202,0
7529,AT-56,AT-258,,,AT-214,AT-318,,AT-212,AT-12,AT-47,,,,,,,41,3,,,,,AT-216,AT-12,AT-208,,,0
7531,AT-257,AT-305,,,AT-98,AT-215,,AT-230,AT-12,AT-47,,,,,,,43,0,,,,,AT-202,AT-12,AT-299,AT-202,AT-299,0
7532,AT-305,AT-304,,,AT-63,AT-215,,AT-14,AT-12,AT-255,,,,,,,44,3,,,,,AT-300,AT-12,AT-299,AT-311,,0
7535,AT-258,AT-257,,,AT-236,AT-215,,AT-14,AT-12,AT-47,,,,,,,45,2,,,,,AT-205,AT-12,AT-219,AT-197,AT-192,0
7536,AT-305,AT-304,,,AT-317,AT-236,,AT-230,AT-12,AT-255,,,,,,,41,3,,,,,AT-302,AT-12,AT-310,AT-300,,0
7537,AT-305,AT-258,,,AT-235,AT-259,,AT-212,AT-12,AT-255,,AT-10,,,,,43,2,,,,,AT-110,AT-12,AT-192,AT-203,AT-202,0
7538,AT-6,AT-305,,,AT-235,AT-98,,AT-14,AT-12,AT-47,,,,,,,44,2,,,,,AT-110,AT-12,AT-131,,AT-192,0
7539,AT-56,AT-305,,,AT-235,AT-98,,AT-14,AT-12,AT-255,,,,,,,46,2,,,,,AT-218,AT-12,AT-49,AT-315,AT-319,0
7540,AT-305,AT-304,,,AT-235,AT-260,,AT-230,AT-12,AT-47,,,,,,,44,0,,,,,AT-110,AT-12,AT-19,,AT-104,0
7541,AT-258,AT-256,,,AT-98,AT-235,,AT-230,AT-12,AT-47,,,,,,,44,2,,,,,AT-131,AT-12,AT-197,,,0
7683,AT-304,AT-258,,,AT-98,AT-235,,AT-212,AT-12,AT-47,,AT-10,,,,,45,0,,,,,AT-202,AT-12,AT-311,AT-204,,0
7685,AT-304,AT-305,,,AT-235,AT-214,,AT-212,AT-115,AT-47,,AT-10,,,,,50,3,,,,,AT-300,AT-115,AT-301,AT-219,AT-26,276
7689,AT-304,AT-305,,,AT-236,AT-97,,AT-212,AT-115,AT-47,,AT-10,,,,,50,0,,,,,AT-217,AT-115,AT-210,AT-110,AT-209,0
7693,AT-305,AT-304,,,AT-259,AT-236,,AT-212,AT-12,AT-47,,,,,,,45,7,,,,,AT-207,AT-12,AT-220,AT-223,AT-298,0
7705,AT-94,,,,AT-259,AT-214,,AT-212,AT-12,AT-47,AT-326,AT-10,,,,,41,7,,,,,AT-299,AT-12,AT-311,,AT-314,0
7812,,,,,,,,,,,,,,,,,0,0,,,,,,,,,,0
7825,,,,,,,,,,,,,,,,,0,0,,,,,,,,,,0
8054,AT-305,AT-56,,,AT-214,AT-259,,,,AT-47,AT-172,,,,,,44,7,,,,,AT-310,,AT-28,AT-216,,0
8070,AT-305,AT-304,,,AT-214,AT-259,,,AT-12,AT-47,AT-86,,,,,,41,6,,,,,AT-202,AT-12,AT-203,AT-218,AT-220,0
8381,AT-256,AT-56,,,AT-259,AT-214,,,,AT-255,AT-172,,,,,,45,0,,,,,AT-108,,AT-110,AT-23,AT-104,0
8605,AT-305,AT-46,,,AT-259,AT-214,,AT-230,,,AT-86,,,,,,44,0,,,,,AT-107,,AT-109,AT-223,AT-104,0
9085,,,,,,,,,,,,,,,,,0,0,,,,,,,,,,0
9094,AT-304,AT-305,,,AT-259,AT-214,,AT-230,AT-12,AT-47,,,,,,,45,8,,,,,AT-319,AT-12,AT-202,AT-27,AT-103,0
9099,AT-305,AT-304,,,AT-214,AT-98,AT-72,AT-212,AT-12,AT-47,,AT-13,,,,,42,7,,,,,AT-108,AT-12,AT-117,AT-202,AT-192,0
9103,AT-305,AT-304,,,AT-214,AT-318,AT-72,AT-230,AT-12,AT-47,,AT-13,,,,,41,8,,,,,AT-202,AT-12,AT-203,AT-117,AT-204,0
9109,AT-305,AT-256,,,AT-98,AT-215,AT-72,AT-230,AT-12,AT-47,,AT-13,,,,,43,3,,,,,AT-27,AT-12,AT-210,AT-103,AT-310,0
9110,AT-304,AT-94,,,AT-215,AT-259,AT-72,AT-212,AT-12,AT-47,,AT-13,,,,,45,7,,,,,AT-218,AT-12,AT-219,AT-302,AT-315,0
9113,AT-305,AT-304,,,AT-97,AT-259,AT-72,AT-230,AT-12,AT-47,,AT-13,,,,,46,3,,,,,AT-314,AT-12,AT-207,AT-217,AT-223,0
9176,AT-16,,,,,,,AT-212,,,,,,,,,0,0,,,,,,,,,,0
9178,AT-21,,,,,,,AT-230,,,,,AT-233,,,,0,0,,,,,,,,,,0
9213,AT-305,AT-256,,,AT-259,AT-214,,AT-230,,AT-47,,,,,,,44,0,,,,,AT-210,,AT-220,AT-202,AT-319,164
9215,AT-304,AT-305,,,AT-97,AT-260,,AT-230,,AT-255,,,,,,,41,3,,,,,AT-300,,AT-311,AT-208,,83
9218,AT-305,AT-304,,,AT-97,AT-215,,AT-212,,AT-255,AT-213,,,,,,44,3,,,,,AT-300,,AT-208,AT-209,AT-311,83
9220,AT-304,AT-305,,,AT-259,AT-260,,AT-212,,AT-255,,AT-99,,,,,46,0,,,,,AT-110,,AT-104,AT-220,AT-197,0
9221,AT-305,AT-56,,,AT-215,AT-214,,AT-85,,AT-47,,,,,,,45,5,,,,,AT-300,,AT-208,AT-311,AT-299,0
9225,AT-256,AT-305,,,AT-259,AT-215,,AT-85,,AT-47,,,,,,,44,0,,,,,AT-107,,AT-27,AT-300,AT-319,0
9228,AT-304,AT-305,,,AT-215,AT-259,,AT-230,,AT-47,AT-172,,,,,,40,5,,,,,AT-319,,AT-210,AT-103,,0
9229,AT-304,AT-256,,,AT-98,AT-215,,AT-14,,AT-255,AT-86,,,,,,48,2,,,,,AT-107,,AT-117,AT-202,AT-104,36
9231,AT-258,AT-305,,,AT-98,AT-97,,AT-230,,AT-47,,,,,,,44,0,,,,,AT-107,,AT-203,AT-108,AT-216,0
9234,AT-94,AT-258,,,AT-236,AT-260,,AT-230,,AT-255,,,,,,,44,3,,,,,AT-311,,AT-300,AT-299,,0
9288,AT-305,AT-256,,,AT-215,AT-98,,AT-14,,AT-47,,,,,,,40,6,,,,,AT-221,,AT-27,AT-107,AT-300,164
9289,AT-305,,,,AT-318,AT-260,,AT-85,,AT-47,,,,,,,44,1,,,,,AT-308,,AT-311,AT-207,AT-309,0
9290,AT-258,AT-46,,,AT-214,AT-236,,AT-14,,AT-255,,,,,,,44,3,,,,,AT-300,,AT-311,AT-299,AT-209,0
9291,AT-305,AT-256,,,AT-259,AT-215,,AT-230,,AT-47,,,,,,,44,0,,,,,AT-298,,AT-202,AT-107,AT-27,0
9292,AT-258,AT-305,,,AT-260,AT-215,,AT-85,,AT-47,,,,,,,42,3,,,,,AT-315,,AT-219,AT-26,AT-319,0
9294,AT-305,AT-304,,,AT-260,AT-215,,AT-14,,AT-255,,,,,,,40,11,,,,,AT-300,,AT-311,AT-208,,0
9295,AT-6,AT-305,,,AT-260,AT-215,,AT-230,,AT-47,,,,,,,40,0,,,,,AT-209,,AT-221,AT-300,AT-27,0
9296,AT-305,,,,AT-215,AT-98,,AT-85,,AT-47,AT-172,,,,,,45,1,,,,,AT-309,,AT-207,AT-311,AT-207,0
9297,AT-304,AT-256,,,AT-97,AT-215,,AT-85,,AT-255,,,,,,,44,3,,,,,AT-311,,AT-300,AT-209,,0
9298,AT-304,AT-305,,,AT-98,AT-259,,AT-14,,AT-255,AT-172,,,,,,42,2,,,,,AT-197,,AT-104,AT-108,AT-131,0
9299,AT-256,AT-305,,,AT-235,AT-98,,AT-85,,AT-255,,,,,,,40,2,,,,,AT-19,,AT-202,AT-205,AT-220,0
9301,AT-256,AT-94,,,AT-98,AT-259,,AT-212,,AT-47,,,,,,,44,2,,,,,AT-202,,AT-117,AT-131,AT-203,0
9302,AT-258,AT-304,,,AT-215,AT-214,,AT-14,,AT-47,,,,,,,41,0,,,,,AT-220,,AT-223,AT-109,AT-313,0
9303,AT-256,AT-305,,,AT-259,AT-215,,AT-230,,AT-47,,,,,,,44,0,,,,,AT-208,,AT-221,AT-319,AT-107,160
9305,AT-304,AT-258,,,AT-98,AT-259,,AT-212,,AT-47,,,,,,,41,0,,,,,AT-298,,AT-300,AT-316,AT-222,0
9306,AT-258,AT-304,,,AT-215,AT-98,,AT-230,,AT-47,,,,,,,44,0,,,,,AT-319,,AT-300,AT-210,AT-316,0
9307,AT-304,AT-257,,,AT-98,AT-97,,AT-14,,AT-255,,,,,,,45,3,,,,,AT-107,,AT-310,AT-300,AT-210,180
9309,AT-258,AT-305,,,AT-259,AT-98,,AT-85,,AT-47,,,,,,,44,0,,,,,AT-210,,AT-205,AT-300,AT-207,0
9310,AT-256,AT-305,,,AT-260,AT-317,,AT-85,,AT-47,,,,,,,44,1,,,,,AT-219,,AT-216,AT-299,AT-210,164
9366,AT-305,,,,AT-98,AT-214,,AT-14,,AT-47,AT-86,,,,,,45,1,,,,,AT-302,,AT-108,AT-27,AT-310,0
9367,AT-305,,,,AT-318,AT-260,,AT-85,,AT-47,,,,,,,44,1,,,,,AT-308,,AT-311,AT-207,AT-309,0
9369,AT-305,AT-256,,,AT-97,AT-259,,AT-212,,AT-47,,,,,,,45,0,,,,,AT-202,,AT-221,AT-319,,64
9370,AT-304,AT-305,,,AT-97,AT-260,,AT-85,,AT-255,,,,,,,40,11,,,,,AT-311,,AT-300,AT-209,AT-299,83
9373,AT-256,AT-305,,,AT-260,AT-215,,AT-230,,AT-47,,,,,,,40,0,,,,,AT-26,,AT-210,AT-202,AT-314,0
9374,AT-305,,,,AT-215,AT-98,,AT-14,,AT-47,AT-172,,,,,,45,1,,,,,AT-308,,AT-311,AT-203,AT-27,0
9375,AT-304,AT-256,,,AT-97,AT-215,,AT-85,,AT-255,,,,,,,41,11,,,,,AT-311,,AT-300,AT-299,,83
9376,AT-304,AT-305,,,AT-260,AT-260,,AT-14,,AT-255,AT-172,,,,,,46,0,,,,,AT-108,,AT-202,AT-219,AT-109,0
9377,AT-256,AT-305,,,AT-235,AT-98,,AT-85,,AT-255,,,,,,,40,2,,,,,AT-19,,AT-202,AT-205,AT-220,0
9379,AT-256,AT-304,,,AT-235,AT-98,,AT-85,,,,,,,,,44,2,,,,,AT-110,,AT-197,,,0
9381,AT-256,AT-305,,,AT-259,AT-215,,AT-230,,AT-47,,,,,,,44,0,,,,,AT-207,,AT-316,AT-202,AT-319,64
9382,AT-304,AT-305,,,AT-317,AT-260,,AT-230,,AT-255,,,,,,,44,3,,,,,AT-216,,AT-26,AT-311,AT-300,0
9383,AT-258,AT-304,,,AT-259,AT-98,,AT-212,,AT-47,,,,,,,44,0,,,,,AT-298,,AT-315,AT-221,AT-202,0
9384,AT-258,,,,AT-259,AT-215,,AT-230,,AT-47,,,,,,,44,1,,,,,AT-311,,AT-27,AT-315,AT-309,0
9385,AT-257,AT-304,,,AT-98,AT-97,,AT-14,,AT-255,,,,,,,45,11,,,,,AT-300,,AT-311,AT-209,AT-208,170
9388,AT-256,,,,AT-260,AT-317,,AT-85,,AT-47,AT-86,,,,,,45,1,,,,,AT-209,,AT-313,AT-26,AT-216,0
9390,AT-258,AT-94,,,AT-259,AT-235,,AT-230,,AT-255,AT-172,,,,,,44,3,,,,,AT-300,,AT-223,AT-311,,0
9424,AT-21,AT-256,,,AT-214,AT-98,,AT-212,,AT-47,AT-172,,,,,,44,2,,,,,AT-117,,AT-19,AT-19,AT-131,0
9426,AT-304,AT-256,,,AT-259,AT-97,,AT-85,,AT-47,,,,,,,41,0,,,,,AT-203,,AT-110,AT-197,,0
9428,AT-305,AT-56,,,AT-98,AT-317,,AT-85,,AT-47,,,,,,,40,3,,,,,AT-311,,AT-300,AT-208,AT-299,0
9429,AT-304,AT-305,,,AT-260,AT-215,,AT-14,,AT-47,,,,,,,40,11,,,,,AT-300,,AT-311,AT-209,AT-208,0
9439,AT-258,,,,AT-215,AT-235,,AT-230,,AT-47,,,,,,,44,1,,,,,AT-219,,AT-210,AT-202,AT-210,0
9467,AT-304,AT-305,,,AT-259,AT-98,,,,AT-47,AT-306,,,,,,49,7,,,,,AT-319,,AT-28,AT-27,AT-202,0
9475,AT-305,AT-304,,,AT-98,AT-215,,,,AT-47,AT-172,,,,,,41,8,,,,,AT-319,,AT-202,AT-107,AT-109,0
9482,AT-304,AT-305,,,AT-98,AT-317,,,AT-12,AT-47,AT-306,,,,,,43,0,,,,,AT-314,AT-12,AT-210,AT-217,AT-310,0
9484,AT-304,AT-305,,,AT-259,AT-214,,,,AT-47,AT-172,,,,,,44,7,,,,,AT-202,,AT-109,AT-107,AT-117,0
9546,AT-256,AT-305,,,AT-215,AT-98,,,,AT-47,AT-86,,,,,,41,7,,,,,AT-202,,AT-26,AT-310,AT-217,0
9547,AT-94,AT-304,,,AT-98,AT-214,,,,AT-47,AT-86,,,,,,45,0,,,,,AT-220,,AT-216,AT-307,,0
9555,AT-304,AT-305,,,AT-260,AT-97,,,,AT-47,AT-86,,,,,,46,0,,,,,AT-301,,AT-302,AT-209,,0
9565,AT-258,AT-94,,,AT-317,AT-98,,,,AT-47,AT-86,,,,,,45,0,,,,,AT-311,,AT-316,,,0
9617,AT-305,AT-304,,,AT-260,AT-97,,AT-85,,,AT-86,,,,,,44,3,,,,,AT-300,,AT-208,AT-209,,0
9618,AT-94,AT-258,,,AT-260,AT-236,,AT-14,,,AT-172,,,,,,44,3,,,,,AT-300,,AT-311,AT-299,,0
9619,AT-256,AT-305,,,AT-259,AT-98,,AT-230,,,AT-86,,,,,,44,1,,,,,AT-202,,AT-298,,AT-300,164
9622,AT-258,AT-305,,,AT-235,AT-214,,AT-14,,,AT-86,,,,,,40,11,,,,,AT-300,,AT-311,AT-299,,36
9623,AT-305,,,,AT-214,AT-259,,AT-14,,,AT-86,,,,,,45,1,,,,,AT-309,,AT-311,,AT-217,0
9624,AT-304,AT-305,,,AT-98,AT-260,,AT-14,,,AT-86,,,,,,40,3,,,,,AT-311,,AT-299,AT-27,,83
9625,AT-256,AT-305,,,AT-215,AT-98,,AT-85,,,AT-306,,,,,,44,2,,,,,AT-109,,AT-131,AT-19,AT-110,0
9626,AT-304,AT-21,,,AT-259,AT-98,,AT-14,,,AT-172,,,,,,44,2,,,,,AT-131,,AT-202,AT-203,AT-108,0
9627,AT-256,AT-305,,,AT-235,AT-98,,AT-85,,,,,,,,,40,2,,,,,AT-19,,AT-202,AT-205,AT-220,0
9628,AT-305,AT-304,,,AT-97,AT-260,,AT-85,,,AT-306,,,,,,44,3,,,,,AT-311,,AT-300,,AT-208,83
9630,AT-305,,,,AT-260,AT-259,,AT-14,,,AT-326,,,,,,44,1,,,,,AT-219,,AT-205,,AT-308,0
9633,AT-304,AT-258,,,AT-317,AT-259,,AT-85,,,AT-172,,,,,,44,0,,,,,AT-24,,AT-319,,AT-221,251
9635,AT-304,AT-257,,,AT-235,AT-97,,AT-14,,,AT-306,,,,,,43,0,,,,,AT-312,,AT-205,AT-314,AT-209,0
9636,AT-305,,,,AT-260,AT-318,,AT-85,,,,,,,,,45,1,,,,,AT-108,,AT-205,,AT-216,0
9638,AT-256,AT-305,,,AT-317,AT-97,,AT-85,,,,,,,,,44,0,,,,,AT-107,,AT-27,AT-301,,165
9640,AT-94,AT-258,,,AT-259,AT-236,,AT-14,,,AT-86,,,,,,44,3,,,,,AT-300,,AT-311,AT-209,,0
9691,AT-256,AT-305,,,AT-235,AT-260,,AT-85,,,,,,,,,41,0,,,,,AT-220,,AT-221,AT-319,,165
9692,AT-305,,,,AT-259,AT-318,,AT-212,,,,,,,,,44,1,,,,,AT-109,,AT-311,,AT-307,0
9694,AT-256,,,,AT-214,AT-98,,AT-212,,,AT-172,,,,,,45,1,,,,,AT-109,,AT-27,AT-307,AT-311,0
9695,AT-304,AT-305,,,AT-98,AT-97,,AT-85,,,AT-86,,,,,,45,3,,,,,AT-300,,AT-208,,AT-209,39
9696,AT-305,AT-305,,,AT-259,AT-215,,AT-85,,,AT-86,,,,,,44,1,,,,,AT-219,,AT-307,AT-131,AT-315,0
9699,AT-305,,,,AT-215,AT-98,,AT-85,,,AT-324,,,,,,44,1,,,,,AT-308,,AT-308,AT-311,AT-27,0
9701,AT-304,AT-305,,,AT-98,AT-235,,AT-212,,,AT-86,,,,,,46,0,,,,,AT-109,,AT-107,AT-110,AT-203,0
9702,AT-305,,,,AT-259,AT-215,,AT-85,,,AT-86,,,,,,45,1,,,,,AT-307,,AT-311,AT-27,AT-209,0
9703,AT-258,AT-305,,,AT-259,AT-215,,AT-14,,,,,,,,,41,0,,,,,AT-207,,AT-222,,AT-300,164
9704,AT-46,AT-256,,,AT-215,AT-98,,AT-212,,,AT-86,,,,,,46,2,,,,,AT-300,,AT-310,AT-311,,0
9705,AT-258,AT-305,,,AT-98,AT-215,,AT-212,,,AT-172,,,,,,44,0,,,,,AT-314,,AT-210,AT-319,,0
9706,AT-305,AT-304,,,AT-97,AT-98,,AT-288,,,AT-86,,,,,,45,11,,,,,AT-208,,AT-299,,,0
9709,AT-258,,,,AT-215,AT-259,,AT-85,,,,,,,,,44,1,,,,,AT-315,,AT-27,AT-202,AT-209,0
9710,AT-305,AT-56,,,AT-98,AT-97,,AT-85,,,AT-86,,,,,,45,3,,,,,AT-300,,AT-311,,AT-299,36
9712,AT-258,AT-304,,,AT-98,AT-259,,AT-85,,,,,,,,,44,0,,,,,AT-210,,AT-308,,AT-300,164
9714,AT-256,AT-305,,,AT-317,AT-98,,AT-230,,,,,,,,,41,0,,,,,AT-300,,AT-27,AT-298,,0
9715,AT-94,AT-258,,,AT-235,AT-318,,AT-85,,,AT-172,AT-10,,,,,45,0,,,,,AT-117,,AT-222,AT-192,,0
9754,AT-256,AT-304,,,,,,AT-230,AT-12,AT-255,AT-328,,,,,,0,8,,,,,AT-107,AT-12,,,,0
10465,AT-256,,,,,,,AT-212,,,AT-328,,,,,,48,2,,,,,AT-309,,AT-315,,,0
10484,AT-304,,,,,,,AT-212,,,AT-328,,,,,,50,3,,,,,AT-311,,,,,0
10488,AT-257,AT-258,,,,,,AT-212,,,AT-328,,,,,,50,2,,,,,AT-313,,,,,0
10490,AT-258,,,,,,,AT-212,,,AT-328,,,,,,46,2,,,,,,,,,,0
10492,AT-304,AT-258,,,,,,AT-212,,,AT-328,,,,,,50,4,,,,,,,AT-23,AT-24,,0
10493,AT-305,,,,,,,AT-212,,,AT-328,,,,,,40,11,,,,,AT-300,,,,,0
10542,AT-304,AT-56,,,,,,AT-212,,,AT-328,AT-66,,,,,45,0,,,,,AT-204,,AT-222,,AT-103,0
10548,AT-256,AT-258,,,,,,AT-230,,,AT-328,,,,,,40,2,,,,,AT-302,,,,,0
10578,AT-304,,,,,,,AT-230,,,AT-328,,,,,,40,0,,,,,AT-202,,,,,0
10583,AT-257,,,,,,,AT-230,,,AT-328,,,,,,4,2,,,,,AT-300,,AT-107,,,0
10585,AT-46,AT-304,,,,,,AT-230,,,AT-328,,,,,,43,8,,,,,AT-192,,,,,0
10587,AT-305,,,,,,,AT-212,,,AT-328,,,,,,45,11,,,,,AT-208,,,,,0
10588,AT-258,,,,,,,AT-212,,,AT-328,,,,,,46,2,,,,,AT-314,,,,,0
10592,AT-305,,,,,,,AT-212,,,AT-328,,,,,,46,4,,,,,AT-300,,,,,0
10593,AT-304,,,,,,,AT-230,,,AT-328,,,,,,40,2,,,,,AT-302,,,,,0
10600,AT-304,,,,,,,AT-212,,,AT-328,,,,,,48,0,,,,,AT-210,,,,,0
10617,AT-258,,,,,,,,,,AT-328,,,,,,41,0,,,,,AT-109,,,,,0
10621,AT-305,,,,,,,,,AT-255,AT-328,,,,,,44,3,,,,,AT-300,,,,,0
10626,AT-257,,,,,,,,,AT-255,,,,,,,48,0,,,,,AT-315,,,,,0
10631,AT-305,,,,,,,,,AT-255,AT-328,,,,,,45,4,,,,,AT-300,,,,,0
10632,AT-304,,,,,,,,,,AT-328,,,,,,42,0,,,,,AT-210,,,,,0
10665,AT-304,,,,,,,,,AT-255,AT-328,,,,,,46,2,,,,,,,,,,0
10671,AT-304,,,,,,,,,,AT-328,,,,,,42,0,,,,,AT-319,,,,,0
10684,AT-258,AT-304,,,,,,,,,AT-328,,,,,,50,2,,,,,,,AT-26,,,0
10687,AT-258,,,,,,,AT-212,,AT-47,,,,,,,44,1,,,,,AT-209,,,,,0
10736,AT-94,,,,,,,AT-230,,,,,,,,,48,4,,,,,AT-209,,,,,0
10737,AT-3,,,,,,,AT-230,,,AT-328,,,,,,50,4,,,,,,,,,,0
10738,AT-94,,,,,,,AT-212,,,AT-328,,,,,,50,1,,,,,AT-209,,,,,0
10739,AT-94,,,,,,,AT-230,,,AT-328,AT-10,,,,,46,4,,,,,AT-209,,,,,0
10741,AT-256,AT-304,,,,,,AT-230,,,AT-328,,,,,,46,0,,,,,AT-312,,,,,0
10744,AT-256,AT-256,,,,,,AT-212,,,AT-328,,,,,,40,7,,,,,AT-107,,,,,0
10762,AT-304,,,,,,,AT-230,,,AT-328,,,,,,43,8,,,,,AT-108,,,,,0
10764,AT-304,,,,,,,AT-230,,,AT-328,AT-75,,,,,50,3,,,,,AT-107,,,,,0
10766,AT-258,,,,,,,AT-230,,,,,,,,,48,0,,,,,AT-131,,,,,0
10769,AT-305,,,,,,,AT-230,,,AT-328,,,,,,40,3,,,,,AT-313,,,,,0
10770,AT-94,,,,,,,AT-212,,,,,,,,,45,3,,,,,AT-220,,,,,0
10774,AT-258,,,,,,,AT-212,,,AT-328,,,,,,46,4,,,,,AT-109,,,,,0
10780,AT-304,,,,,,,AT-230,,,,,,,,,45,4,,,,,AT-319,,,,,0
10805,AT-256,AT-258,,,,,,,AT-12,AT-47,AT-328,,,,,,50,0,,,,,AT-202,AT-12,AT-309,,,0
10824,AT-258,AT-256,,,,,,,AT-12,AT-47,AT-328,,,,,,48,3,,,,,AT-313,AT-12,,,,0
10825,AT-94,,,,,,,,AT-12,AT-47,AT-328,,,,,,45,3,,,,,AT-220,AT-12,,,,0
10826,AT-256,,,,,,,,AT-12,AT-255,AT-328,,,,,,45,5,,,,,AT-107,AT-12,,,,0
10831,AT-94,,,,,,,,AT-12,AT-47,AT-328,,,,,,50,1,,,,,AT-209,AT-12,,,,0
10832,AT-94,,,,,,,,AT-115,AT-255,AT-328,,,,,,50,3,,,,,AT-205,AT-115,,,,0
10834,AT-304,,,,,,,,,AT-255,AT-328,,,,,,43,2,,,,,AT-110,,,,,0
10835,AT-94,,,,,,,,AT-12,AT-47,AT-328,,,,,,46,4,,,,,AT-209,AT-12,,,,0
10838,AT-304,,,,,,,,AT-12,AT-47,AT-328,,,,,,50,2,,,,,AT-107,AT-12,,,,0
10842,AT-21,AT-305,,,,,,,AT-12,AT-47,AT-328,,,,,,42,3,,,,,AT-217,AT-12,,,,0
10845,AT-304,AT-46,,,,,,,AT-12,AT-47,AT-328,,,,,,45,7,,,,,AT-104,AT-12,,,,0
10846,AT-258,AT-256,,,,,,,AT-12,AT-47,AT-328,,,,,,44,0,,,,,AT-202,AT-12,,,,0
10855,AT-304,,,,,,,,AT-12,AT-47,AT-328,,,,,,50,4,,,,,AT-202,AT-12,,,,0
10856,AT-21,,,,,,,,AT-12,AT-255,AT-328,,,,,,48,4,,,,,AT-310,AT-12,,,,0
10862,AT-258,AT-256,,,,,,,AT-12,AT-47,AT-328,,,,,,46,7,,,,,AT-313,AT-12,,,,0
10871,AT-94,,,,,,,,AT-12,AT-47,AT-328,,,,,,45,4,,,,,AT-310,AT-12,,,,0
10887,AT-228,,,,,,,,AT-115,AT-255,AT-328,,,,,,50,0,,,,,AT-209,AT-115,,,,0
10898,AT-304,,,,,,,,AT-12,AT-255,AT-328,,,,,,46,4,,,,,AT-109,AT-12,,,,0
10911,AT-305,,,,,,,,AT-12,AT-47,AT-328,,,,,,42,3,,,,,AT-207,AT-12,,,,0
10931,AT-258,AT-256,,,,,,,AT-115,AT-255,AT-328,,,,,,43,0,,,,,AT-19,AT-115,AT-108,,,0
10933,AT-305,,,,,,,,AT-115,AT-47,AT-328,,,,,,50,8,,,,,AT-202,AT-115,,,,0
10969,AT-258,AT-256,,,AT-215,AT-259,,AT-212,AT-12,AT-255,,AT-13,,,,,42,0,,,,,AT-202,AT-12,,,,0
10973,AT-304,AT-258,,,AT-260,AT-214,AT-72,AT-230,AT-12,AT-47,,AT-13,,,,,42,7,,,,,AT-103,AT-12,AT-107,AT-298,AT-209,0
10974,AT-304,AT-258,,,AT-215,AT-98,AT-72,AT-212,AT-12,AT-255,,AT-13,,,,,45,0,,,,,AT-131,AT-12,AT-202,AT-221,AT-197,0
10976,AT-258,AT-304,,,AT-260,AT-215,,AT-230,AT-48,AT-255,,AT-13,,,,,46,0,,,,,AT-202,AT-48,AT-109,AT-204,AT-205,0
10977,AT-226,AT-258,,,AT-260,AT-214,AT-72,AT-230,AT-12,AT-47,,AT-13,,,,,45,7,,,,,AT-298,AT-12,AT-209,AT-311,,0
10978,AT-304,AT-256,,,AT-259,AT-260,AT-72,AT-230,AT-12,AT-47,,AT-13,,,,,45,3,,,,,AT-205,AT-12,AT-107,AT-216,AT-298,0
10979,AT-21,AT-304,,,AT-214,AT-98,AT-72,AT-212,AT-115,AT-47,,AT-13,,,,,43,3,,,,,AT-27,AT-115,AT-28,AT-310,AT-298,0
10989,AT-256,AT-258,,,AT-98,AT-259,,AT-230,AT-12,AT-47,,AT-13,,,,,48,4,,,,,AT-26,AT-12,AT-302,AT-311,,0
10990,AT-258,,,,AT-259,AT-260,AT-72,AT-212,AT-12,AT-47,,AT-13,,,,,44,4,,,,,AT-103,AT-12,AT-311,AT-209,AT-219,0
10992,AT-304,AT-305,,,AT-260,AT-98,AT-72,AT-230,AT-12,AT-47,AT-172,AT-13,,,,,40,5,,,,,AT-108,AT-12,AT-312,AT-302,AT-223,0
10995,AT-304,AT-94,,,AT-214,AT-98,AT-72,AT-212,AT-12,AT-47,,AT-13,,,,,42,3,,,,,AT-210,AT-12,AT-298,AT-207,AT-107,0
11001,AT-94,AT-258,,,AT-317,AT-260,AT-72,AT-230,AT-12,AT-47,,AT-113,,,,,48,3,,,,,AT-315,AT-12,AT-207,AT-26,AT-312,0
11006,AT-304,AT-305,,,AT-260,AT-214,AT-72,AT-230,AT-12,AT-47,,AT-13,,,,,45,4,,,,,AT-319,AT-12,AT-309,AT-299,AT-301,0
11011,AT-94,AT-258,,,AT-318,AT-97,AT-72,AT-212,AT-12,AT-47,,AT-13,,,,,50,1,,,,,AT-315,AT-12,AT-210,AT-312,AT-220,0
11047,AT-304,AT-305,,,AT-260,AT-97,AT-72,AT-230,AT-12,AT-47,,AT-13,,,,,40,8,,,,,AT-319,AT-12,AT-207,,AT-217,0
11049,AT-304,AT-256,,,AT-260,AT-259,,,AT-12,AT-47,AT-86,,,,,,44,3,,,,,AT-202,AT-12,AT-209,AT-298,,0
11055,AT-256,AT-258,,,AT-97,AT-318,AT-72,AT-230,AT-12,AT-47,,AT-13,,,,,44,7,,,,,AT-207,AT-12,AT-219,AT-203,AT-314,0
11059,AT-21,AT-305,,,AT-214,AT-260,AT-72,AT-230,AT-12,AT-47,,AT-13,,,,,48,7,,,,,AT-209,AT-12,AT-216,AT-205,,0
11061,AT-256,,,,AT-98,AT-97,AT-72,AT-212,AT-115,AT-255,,AT-13,,,,,48,4,,,,,AT-311,AT-115,AT-219,AT-298,AT-205,0
11070,AT-258,AT-256,,,AT-260,AT-214,AT-72,AT-230,AT-12,AT-255,,AT-13,,,,,45,0,,,,,AT-110,AT-12,AT-107,AT-218,AT-197,0
11074,AT-258,AT-305,,,AT-98,AT-260,AT-72,AT-212,AT-12,AT-255,,AT-13,,,,,45,2,,,,,AT-207,AT-12,AT-219,AT-107,,0
11084,AT-304,AT-305,,,AT-98,AT-98,AT-72,AT-212,AT-12,AT-67,,AT-13,,,,,45,5,,,,,AT-27,AT-12,AT-26,AT-223,AT-210,0
11085,AT-258,AT-304,,,AT-215,AT-259,AT-72,AT-230,AT-12,AT-255,,AT-113,,,,,45,3,,,,,AT-315,AT-12,AT-220,AT-217,AT-219,0
11087,AT-305,AT-258,,,AT-215,AT-317,,AT-212,AT-12,AT-255,,AT-10,,,,,45,3,,,,,AT-300,AT-12,AT-311,AT-27,,87
11147,AT-304,AT-227,,,AT-235,AT-236,,AT-212,AT-115,AT-255,,AT-113,,,,,50,0,,,,,AT-192,AT-115,AT-209,AT-216,AT-217,0
11150,AT-258,AT-256,,,AT-235,AT-260,,AT-212,AT-115,AT-255,,,,,,,50,2,,,,,AT-19,AT-115,AT-197,,AT-192,0
11165,AT-305,AT-256,,,AT-236,AT-98,,AT-212,AT-12,AT-255,,,,,,,44,11,,,,,AT-300,AT-12,AT-311,,,0
11171,,,,,,,,,,,,,,,,,0,0,,,,,,,,,,0
11179,AT-304,AT-305,,,AT-236,AT-214,,AT-212,AT-12,AT-255,,,,,,,43,2,,,,,AT-197,AT-12,AT-131,AT-197,AT-197,0
11181,AT-257,AT-228,,,AT-98,AT-259,,AT-212,AT-12,AT-47,,,,,,,46,2,,,,,AT-108,AT-12,AT-109,AT-208,AT-24,0
11184,AT-304,AT-305,,,AT-260,AT-259,,AT-212,AT-115,AT-255,,AT-10,,,,,40,0,,,,,AT-207,AT-115,AT-216,AT-219,AT-217,0
11185,AT-257,AT-258,,,AT-260,AT-236,,AT-230,AT-115,AT-47,,,,,,,45,2,,,,,AT-309,AT-115,AT-315,AT-301,AT-27,0
11186,AT-304,AT-46,,,AT-236,AT-260,,AT-85,AT-12,AT-255,,AT-10,,,,,44,11,,,,,AT-300,AT-12,AT-311,AT-309,,161
11190,AT-257,AT-258,,,AT-97,AT-236,,AT-212,AT-12,AT-47,,,,,,,45,2,,,,,AT-197,AT-12,AT-203,,,0
11191,AT-304,AT-305,,,AT-236,AT-98,,AT-212,AT-12,AT-47,,AT-10,,,,,45,0,,,,,AT-131,AT-12,AT-202,AT-203,AT-104,48
11192,AT-304,AT-305,,,AT-235,AT-318,,AT-212,AT-115,AT-255,AT-326,AT-114,,,,,44,0,,,,,AT-197,AT-115,AT-220,AT-117,AT-221,0
11195,AT-304,AT-57,,,AT-318,AT-236,,AT-212,AT-115,AT-255,,AT-10,,,,,50,0,,,,,AT-197,AT-115,AT-216,AT-216,AT-209,0
11196,AT-256,AT-258,,,AT-317,AT-97,,AT-230,AT-12,AT-47,,,,,,,45,2,,,,,AT-220,AT-12,AT-25,AT-24,AT-219,0
11197,AT-258,AT-304,,,AT-235,AT-317,,AT-230,AT-12,AT-255,,,,,,,41,0,,,,,AT-107,AT-12,AT-220,AT-202,AT-319,59
11198,AT-258,AT-304,,,AT-236,AT-98,,AT-212,AT-12,AT-47,,,,,,,50,4,,,,,AT-319,AT-12,AT-28,AT-299,AT-49,0
11199,AT-305,AT-258,,,AT-260,AT-97,,AT-230,AT-12,AT-255,,,,,,,48,3,,,,,AT-311,AT-12,AT-300,,,0
11200,AT-304,AT-46,,,AT-98,AT-236,,AT-212,AT-12,AT-255,,,,,,,40,3,,,,,AT-311,AT-12,AT-300,,,187
11211,AT-305,AT-304,,,AT-317,AT-236,,AT-212,AT-12,AT-255,,,,,,,45,11,,,,,AT-220,AT-12,AT-299,AT-209,,87
11213,AT-305,AT-258,,,AT-236,AT-214,,AT-212,,AT-255,,AT-10,,,,,45,3,,,,,AT-300,,AT-311,,,87
11217,AT-304,AT-57,,,AT-235,AT-259,,AT-230,AT-115,AT-255,AT-172,AT-114,,,,,44,0,,,,,AT-202,AT-115,AT-204,AT-219,AT-206,0
11237,AT-305,AT-304,,,AT-318,AT-235,,AT-212,AT-12,AT-255,,AT-10,,,,,40,11,,,,,AT-300,AT-12,AT-311,AT-208,,187
11326,AT-305,AT-46,,,AT-98,AT-236,,AT-212,AT-12,AT-255,,,,,,,44,3,,,,,AT-311,AT-12,AT-300,,,0
11327,AT-305,AT-258,,,AT-236,AT-259,,AT-230,,AT-255,,,,,,,45,11,,,,,AT-209,,AT-300,AT-208,,0
11331,AT-305,AT-256,,,AT-317,AT-98,,AT-212,AT-12,AT-255,,,,,,,44,3,,,,,AT-311,AT-12,AT-223,AT-208,,0
11332,AT-304,AT-305,,,AT-236,AT-98,,AT-212,AT-12,AT-47,,AT-10,,,,,45,0,,,,,AT-131,AT-12,AT-202,AT-203,AT-104,48
11335,AT-304,AT-46,,,AT-236,AT-260,,AT-212,AT-12,AT-255,,,,,,,40,3,,,,,AT-311,AT-12,AT-300,AT-208,,0
11336,AT-305,AT-304,,,AT-236,AT-214,,AT-230,AT-12,AT-255,,,,,,,40,11,,,,,AT-300,AT-12,AT-311,AT-209,,0
11341,AT-305,AT-304,,,AT-236,AT-98,,AT-212,AT-12,AT-255,AT-86,,,,,,44,11,,,,,AT-208,AT-12,AT-209,,,0
11346,AT-305,AT-258,,,AT-215,AT-317,,AT-212,AT-12,AT-255,,,,,,,45,3,,,,,AT-208,AT-12,AT-209,AT-209,,0
11350,AT-257,AT-228,,,AT-98,AT-259,,AT-230,AT-12,AT-47,,,,,,,46,2,,,,,AT-203,AT-12,AT-109,AT-109,AT-108,0
11351,AT-258,AT-304,,,AT-236,AT-97,,AT-212,AT-12,AT-47,,,,,,,49,2,,,,,AT-23,AT-12,AT-222,AT-26,AT-23,0
11356,AT-304,AT-57,,,AT-318,AT-82,,AT-212,AT-115,AT-255,,AT-10,,,,,50,0,,,,,AT-208,AT-115,AT-206,AT-217,AT-218,0
11359,AT-305,AT-57,,,AT-81,AT-236,,AT-212,AT-115,AT-255,,AT-9,,,,,50,0,,,,,AT-203,AT-115,AT-217,AT-208,AT-216,0
11360,AT-257,AT-258,,,AT-260,AT-236,,AT-85,AT-115,AT-47,,,,,,,45,2,,,,,AT-309,AT-115,AT-315,AT-301,AT-27,0
11361,AT-258,AT-256,,,AT-259,AT-317,AT-100,AT-230,AT-12,AT-47,,,,,,,44,2,,,,,AT-192,AT-12,AT-299,AT-223,AT-220,0
11363,AT-304,AT-57,,,AT-318,AT-236,,AT-212,AT-115,AT-255,,AT-10,,,,,50,0,,,,,AT-197,AT-115,AT-216,AT-216,AT-209,0
11365,AT-305,AT-258,,,AT-236,AT-97,,AT-230,AT-12,AT-255,,,,,,,45,3,,,,,AT-311,AT-12,AT-300,AT-28,,87
11371,AT-304,AT-305,,,AT-236,AT-214,,AT-85,AT-12,AT-47,,,,,,,46,2,,,,,AT-319,AT-12,AT-309,AT-299,AT-301,51
11395,AT-304,AT-305,,,AT-235,AT-318,,AT-212,AT-115,AT-255,,AT-114,,,,,44,0,,,,,AT-197,AT-115,AT-220,AT-117,AT-221,0
11398,AT-258,AT-304,,,AT-236,AT-98,,AT-212,AT-12,AT-47,,,,,,,50,4,,,,,AT-319,AT-12,AT-28,AT-299,AT-49,0
11401,AT-305,AT-258,,,AT-236,AT-214,,AT-250,,AT-255,,,,,,,48,4,,,,,AT-103,,AT-220,,,0
11410,AT-304,AT-305,,,AT-259,AT-236,,AT-230,AT-115,AT-255,AT-326,AT-114,,,,,44,0,,,,,AT-197,AT-115,AT-221,AT-218,AT-202,0
11417,AT-304,,,,AT-235,AT-317,,AT-230,AT-12,AT-47,,,,,,,41,0,,,,,AT-310,AT-12,AT-216,AT-313,,0
11426,AT-305,AT-258,,,AT-236,AT-317,,AT-212,AT-12,AT-255,,,,,,,48,11,,,,,AT-208,AT-12,AT-311,AT-300,,87
11474,AT-258,AT-256,,,AT-260,AT-318,,AT-212,AT-12,AT-255,,AT-10,,,,,50,0,,,,,AT-109,AT-12,AT-202,AT-205,AT-299,0
11479,AT-304,,,,AT-236,AT-214,,AT-230,AT-115,AT-47,,AT-10,,,,,48,7,,,,,AT-217,AT-115,AT-202,AT-27,,0
11485,AT-258,AT-305,,,AT-236,AT-260,,AT-230,AT-12,AT-255,,AT-10,,,,,44,4,,,,,AT-202,AT-12,AT-302,AT-220,,266
11490,AT-258,AT-305,,,AT-318,AT-214,,AT-85,AT-12,AT-47,,AT-10,,,,,45,7,,,,,AT-103,AT-12,AT-207,AT-314,,0
11491,AT-304,,,,AT-318,AT-97,,AT-212,AT-115,AT-47,,AT-10,,,,,47,1,,,,,AT-219,AT-115,AT-207,AT-205,,136
11495,AT-21,AT-256,,,AT-260,AT-317,,AT-230,AT-115,AT-255,,AT-10,,,,,43,2,,,,,AT-131,AT-115,AT-192,AT-104,AT-203,0
11497,AT-256,AT-304,,,AT-236,AT-318,,AT-230,AT-12,AT-47,,AT-10,,,,,40,3,,,,,AT-107,AT-12,AT-298,AT-103,,0
11500,AT-258,AT-304,,,AT-98,AT-318,,AT-212,AT-12,AT-255,,AT-10,,,,,45,2,,,,,AT-207,AT-12,AT-209,AT-312,AT-311,146
11501,AT-258,AT-304,,,AT-236,AT-259,,,AT-12,AT-255,,AT-10,,,,,45,4,,,,,AT-209,AT-12,AT-310,AT-312,AT-205,0
11502,AT-304,AT-3,,,AT-318,AT-97,,AT-212,AT-115,AT-47,,AT-10,,,,,40,1,,,,,AT-207,AT-115,AT-219,AT-205,,132
11503,AT-304,AT-21,,,AT-260,AT-236,,AT-212,AT-115,AT-255,,AT-10,,,,,50,0,,,,,AT-203,AT-115,AT-109,AT-309,AT-299,0
11504,AT-304,AT-305,,,AT-260,AT-236,,AT-212,AT-12,AT-47,,AT-10,,,,,45,8,,,,,AT-319,AT-12,AT-210,AT-313,AT-216,0
11508,AT-258,AT-256,,,AT-98,AT-236,,AT-230,AT-12,AT-47,,AT-10,,,,,46,7,,,,,AT-312,AT-12,AT-220,AT-103,,0
11513,AT-94,AT-304,,,AT-260,AT-97,,AT-230,AT-12,AT-47,,AT-10,,,,,46,0,,,,,AT-109,AT-12,AT-202,,,0
11515,AT-21,AT-304,,,AT-236,AT-214,,AT-85,AT-115,AT-47,,AT-10,,,,,40,3,,,,,AT-216,AT-115,AT-209,AT-220,,0
11518,AT-94,AT-21,,,AT-214,AT-97,,AT-212,AT-115,AT-255,,AT-10,,,,,45,0,,,,,AT-109,AT-115,AT-202,AT-205,AT-300,0
11519,AT-256,AT-304,,,AT-318,AT-235,,AT-212,AT-12,AT-47,,AT-10,,,,,50,0,,,,,AT-109,AT-12,AT-202,AT-205,,0
11520,AT-304,AT-258,,,AT-318,,,AT-230,AT-12,AT-255,,AT-10,,,,,44,2,,,,,AT-117,AT-12,AT-117,,AT-192,0
11526,AT-256,AT-258,,,AT-259,AT-260,,AT-212,AT-115,AT-255,,AT-10,,,,,43,0,,,,,AT-19,AT-115,AT-197,AT-206,AT-104,0
11528,AT-258,AT-256,,,AT-259,AT-236,,AT-230,AT-115,AT-255,,AT-10,,,,,45,0,,,,,AT-109,AT-115,AT-202,AT-205,AT-207,0
11529,AT-304,,,,AT-236,AT-317,,AT-230,AT-12,AT-47,,AT-10,,,,,45,3,,,,,AT-103,AT-12,AT-107,AT-202,,0
11531,AT-21,AT-304,,,AT-236,AT-214,,AT-230,AT-12,AT-47,,AT-10,,,,,40,3,,,,,AT-299,AT-12,AT-223,AT-219,AT-202,0
11532,AT-304,AT-258,,,AT-97,AT-260,,AT-230,AT-12,AT-47,,AT-10,,,,,50,0,,,,,AT-202,AT-12,AT-210,,,0
11537,AT-304,AT-94,,,AT-318,AT-317,,AT-230,AT-12,AT-47,,AT-10,,,,,48,0,,,,,AT-109,AT-12,AT-202,,,0
11540,AT-256,AT-21,,,AT-98,AT-260,,AT-85,AT-12,AT-255,,AT-10,,,,,40,0,,,,,AT-117,AT-12,AT-206,AT-202,AT-202,0
11559,AT-94,,,,AT-215,AT-318,,AT-230,AT-12,AT-47,,AT-10,,,,,46,2,,,,,AT-310,AT-12,AT-205,AT-315,AT-220,0
11560,AT-256,AT-94,,,AT-236,AT-97,,AT-212,AT-115,AT-255,,,,,,,44,0,,,,,AT-202,AT-115,AT-209,AT-299,,0
11579,AT-256,,,,AT-318,AT-98,,AT-212,AT-12,AT-47,,AT-10,,,,,46,3,,,,,AT-311,AT-12,AT-205,AT-310,AT-313,0
11582,AT-256,AT-258,,,AT-260,AT-236,,AT-212,AT-12,AT-255,,AT-10,,,,,40,0,,,,,AT-312,AT-12,AT-216,AT-202,,0
11590,AT-258,AT-256,,,AT-236,AT-318,,AT-212,AT-12,AT-47,,AT-10,,,,,40,7,,,,,AT-209,AT-12,AT-298,AT-107,AT-299,0
11646,AT-94,AT-304,,,AT-98,AT-215,,AT-85,,AT-47,,,,,,,41,3,,,,,AT-210,,AT-222,AT-319,AT-300,0
11648,AT-305,AT-305,,,AT-214,AT-259,,AT-85,,AT-47,,,,,,,44,1,,,,,AT-315,,AT-27,,AT-209,0
11651,AT-21,AT-304,,,AT-215,AT-318,,AT-230,,AT-47,,,,,,,44,1,,,,,AT-210,,AT-108,AT-219,AT-220,0
11656,AT-304,AT-305,,,AT-259,AT-260,,AT-230,,AT-255,,AT-114,,,,,44,0,,,,,AT-210,,AT-217,AT-219,AT-24,0
11657,AT-304,AT-305,,,AT-259,AT-215,,AT-85,,AT-47,,AT-114,,,,,44,0,,,,,AT-131,,AT-206,AT-298,AT-218,0
11659,AT-21,AT-304,,,AT-259,AT-98,,AT-230,,AT-47,,,,,,,41,0,,,,,AT-210,,AT-219,AT-319,AT-300,0
11662,AT-304,AT-305,,,AT-259,AT-215,,AT-85,,AT-47,,AT-114,,,,,44,0,,,,,AT-208,,AT-308,AT-107,AT-209,0
11663,AT-305,AT-304,,,AT-215,AT-260,,AT-230,,AT-255,,,,,,,40,11,,,,,AT-311,,AT-308,AT-309,,0
11665,AT-258,,,,AT-317,AT-214,,AT-85,,AT-47,,,,,,,44,1,,,,,AT-27,,AT-315,,AT-210,0
11671,AT-3,AT-304,,,AT-214,AT-215,,AT-230,,AT-47,,,,,,,47,1,,,,,AT-219,,AT-207,AT-311,AT-205,174
11676,AT-304,AT-305,,,AT-260,AT-215,,AT-230,,AT-255,AT-172,,,,,,44,6,,,,,AT-103,,AT-109,AT-203,AT-117,0
11679,AT-304,AT-305,,,AT-260,AT-98,,AT-85,,AT-255,,,,,,,44,2,,,,,AT-131,,AT-207,AT-202,AT-204,0
11683,AT-304,,,,AT-214,AT-215,,AT-85,,AT-47,,AT-10,,,,,44,3,,,,,AT-220,,AT-205,AT-107,AT-219,0
11685,AT-304,AT-46,,,AT-318,AT-215,,AT-85,,AT-255,,,,,,,45,11,,,,,AT-311,,AT-300,AT-208,,83
11689,AT-304,AT-305,,,AT-259,,,,,AT-47,AT-172,,,,,,44,7,,,,,AT-207,,AT-302,,AT-202,0
11691,AT-21,AT-304,,,AT-215,AT-98,,,,AT-47,AT-86,,,,,,48,3,,,,,AT-202,,AT-310,AT-26,,0
11692,AT-304,AT-94,,,AT-98,AT-260,,,AT-115,AT-255,AT-328,,,,,,44,0,,,,,AT-302,AT-115,AT-109,AT-300,AT-117,0
11701,AT-304,AT-94,,,AT-260,AT-98,,,,AT-255,AT-172,,,,,,40,0,,,,,AT-299,,AT-300,AT-209,AT-220,0
11704,AT-304,,,,AT-214,AT-260,,,,AT-47,AT-86,,,,,,47,8,,,,,AT-319,,,,,0
11705,AT-3,AT-304,,,AT-215,AT-98,,,,AT-47,AT-172,,,,,,44,3,,,,,AT-313,,AT-216,AT-205,,0
11712,AT-305,AT-304,,,AT-215,AT-259,,AT-85,,,AT-172,AT-114,,,,,44,0,,,,,AT-109,,AT-216,AT-104,AT-25,0
11716,AT-258,,,,AT-259,AT-214,,AT-230,,,AT-172,,,,,,44,1,,,,,AT-204,,AT-308,,AT-315,0
11717,AT-21,AT-304,,,AT-259,AT-98,,AT-230,,,,,,,,,41,2,,,,,AT-192,,,AT-27,AT-117,0
11719,AT-304,AT-305,,,AT-215,AT-235,,AT-85,,,AT-172,AT-114,,,,,44,0,,,,,AT-109,,AT-108,AT-301,AT-23,0
11722,AT-304,AT-305,,,AT-98,AT-260,,AT-230,,,AT-86,,,,,,44,0,,,,,AT-192,,AT-203,AT-197,AT-104,36
11724,AT-304,AT-46,,,AT-260,AT-214,,AT-85,,,AT-86,,,,,,40,3,,,,,AT-311,,AT-300,AT-299,,0
11726,AT-305,AT-258,,,AT-260,AT-236,,AT-85,,,AT-86,,,,,,44,3,,,,,AT-311,,AT-300,AT-299,,102
11733,AT-304,AT-305,,,AT-236,AT-98,,AT-230,,,AT-86,,,,,,44,8,,,,,AT-19,,AT-110,AT-203,AT-197,36
11734,AT-94,AT-304,,,AT-98,AT-215,,AT-85,,AT-47,,,,,,,41,0,,,,,AT-309,,AT-315,AT-220,AT-319,0
11741,AT-304,AT-305,,,AT-236,AT-318,,,,AT-47,AT-172,,,,,,44,7,,,,,AT-108,,AT-312,AT-302,AT-223,0
11743,AT-258,,,,AT-214,AT-259,,AT-85,,,AT-86,,,,,,45,1,,,,,AT-308,,AT-208,AT-311,AT-223,0
11746,AT-258,AT-94,,,AT-98,AT-97,,AT-212,,,AT-172,,,,,,41,0,,,,,AT-219,,AT-221,,AT-221,0
11754,AT-304,AT-304,,,AT-259,AT-236,,AT-85,,AT-255,,AT-114,,,,,50,0,,,,,AT-205,,AT-28,AT-109,AT-223,0
11755,AT-3,AT-94,,,AT-214,AT-97,,AT-230,,AT-47,,,,,,,48,0,,,,,AT-109,,AT-202,AT-220,AT-219,0
11756,AT-305,AT-258,,,AT-97,AT-215,,AT-230,,AT-255,,,,,,,48,11,,,,,AT-311,,AT-311,AT-208,,0
11766,AT-3,AT-94,,,AT-260,AT-98,,AT-230,,AT-255,,,,,,,44,0,,,,,AT-220,,AT-219,AT-315,AT-300,0
11771,AT-305,AT-258,,,AT-260,AT-259,,AT-230,,AT-255,,,,,,,48,3,,,,,AT-300,,AT-299,AT-208,,87
11772,AT-256,AT-304,,,AT-259,AT-318,,AT-230,,AT-47,,,,,,,40,2,,,,,AT-210,,AT-221,AT-298,AT-220,0
11775,AT-257,AT-258,,,AT-215,AT-260,,AT-85,,AT-47,,,,,,,44,2,,,,,AT-299,,AT-314,AT-302,AT-307,0
11777,AT-305,AT-258,,,AT-260,AT-259,,AT-230,,AT-255,,,,,,,44,3,,,,,AT-208,,AT-209,AT-300,,0
11783,AT-258,AT-304,,,AT-97,AT-215,,AT-230,,AT-255,,,,,,,40,0,,,,,AT-210,,AT-300,AT-298,AT-202,0
11785,AT-256,AT-258,,,AT-260,AT-98,,AT-230,,AT-255,,,,,,,50,0,,,,,AT-107,,AT-220,AT-208,AT-300,0
11786,AT-258,AT-304,,,AT-260,AT-97,,AT-230,,AT-255,,,,,,,40,0,,,,,AT-26,,AT-209,AT-107,AT-108,0
11788,AT-256,AT-258,,,AT-97,AT-317,,AT-230,,AT-255,,,,,,,45,1,,,,,AT-207,,AT-209,AT-312,AT-307,0
11790,AT-305,AT-258,,,AT-98,AT-214,,AT-230,,AT-255,,,,,,,45,11,,,,,AT-311,,AT-311,AT-299,,0
11791,AT-258,AT-304,,,AT-260,AT-98,,AT-230,,AT-47,,,,,,,44,2,,,,,AT-202,,AT-203,,,0
11792,AT-304,AT-258,,,AT-317,AT-260,,AT-230,,AT-255,,,,,,,50,0,,,,,AT-108,,AT-218,AT-319,AT-298,51
11798,AT-305,AT-256,,,AT-98,AT-260,,AT-212,,AT-255,,,,,,,48,3,,,,,AT-300,,AT-311,AT-208,AT-27,0
11800,AT-258,AT-304,,,AT-259,AT-98,,AT-230,,AT-255,,,,,,,48,0,,,,,AT-300,,AT-316,AT-107,AT-319,0
11802,AT-304,AT-256,,,AT-260,AT-259,,AT-230,,AT-255,,,,,,,44,0,,,,,AT-307,,AT-202,AT-107,AT-103,0
11804,AT-304,AT-94,,,AT-215,AT-98,,AT-230,,AT-255,,,,,,,44,0,,,,,AT-202,,AT-210,AT-300,AT-219,0
11805,AT-94,AT-56,,,AT-97,AT-214,,AT-230,,AT-255,,,,,,,40,1,,,,,AT-202,,AT-210,AT-300,AT-220,0
11821,AT-258,AT-304,,,AT-259,AT-98,,AT-212,,AT-47,,,,,,,50,0,,,,,AT-210,,AT-298,AT-314,AT-300,0
11824,AT-258,AT-304,,,AT-260,AT-98,,AT-230,,AT-255,,,,,,,50,0,,,,,AT-210,,AT-298,AT-109,AT-300,0
11825,AT-258,AT-304,,,AT-260,AT-98,,AT-230,,AT-47,,,,,,,48,2,,,,,AT-312,,AT-302,AT-222,AT-316,0
11831,AT-304,AT-304,,,AT-259,AT-236,,AT-85,,AT-255,,AT-114,,,,,50,0,,,,,AT-205,,AT-28,AT-109,AT-223,0
11836,AT-3,AT-94,,,AT-260,AT-98,,AT-230,,AT-255,,,,,,,40,0,,,,,AT-208,,AT-298,AT-319,AT-300,0
11839,AT-305,AT-256,,,AT-215,AT-98,,AT-230,,AT-255,,,,,,,44,0,,,,,AT-220,,AT-319,AT-107,AT-300,0
11842,AT-258,AT-256,,,AT-259,AT-260,,AT-230,,AT-255,,,,,,,44,0,,,,,AT-207,,AT-210,AT-307,AT-298,0
11845,AT-305,AT-258,,,AT-260,AT-98,,AT-230,,AT-47,,,,,,,44,2,,,,,AT-197,,AT-197,AT-202,AT-203,0
11846,AT-305,AT-256,,,AT-98,AT-260,,AT-212,,AT-255,,,,,,,45,11,,,,,AT-208,,AT-209,AT-299,,0
11847,AT-304,AT-257,,,AT-97,AT-215,,AT-230,,AT-255,,,,,,,40,0,,,,,AT-131,,AT-210,AT-315,AT-319,0
11848,AT-305,AT-258,,,AT-260,AT-97,,AT-212,,AT-255,,,,,,,48,3,,,,,AT-311,,AT-208,,,0
11849,AT-3,AT-94,,,AT-214,AT-97,,AT-230,,AT-255,,,,,,,48,0,,,,,AT-300,,AT-319,AT-221,AT-220,0
11850,AT-256,AT-304,,,AT-259,AT-318,,AT-230,,AT-47,,,,,,,40,2,,,,,AT-192,,AT-217,AT-298,AT-220,0
11851,AT-258,AT-304,,,AT-98,AT-259,,AT-212,,AT-47,,,,,,,50,0,,,,,AT-205,,AT-310,AT-107,AT-24,0
11854,AT-304,AT-57,,,AT-235,AT-259,,AT-230,,AT-255,,AT-114,,,,,44,0,,,,,AT-202,,AT-204,AT-219,AT-206,0
11855,AT-258,AT-304,,,AT-259,AT-98,,AT-230,,AT-255,,,,,,,48,0,,,,,AT-210,,AT-319,AT-300,AT-220,0
11858,AT-304,AT-94,,,AT-215,AT-98,,AT-230,,AT-47,,,,,,,44,0,,,,,AT-216,,AT-24,AT-208,AT-316,0
11859,AT-256,AT-258,,,AT-260,AT-98,,AT-230,,AT-255,,,,,,,50,0,,,,,AT-107,,AT-24,AT-319,AT-202,0
11861,AT-305,AT-258,,,AT-259,AT-260,,AT-230,,AT-255,,,,,,,48,3,,,,,AT-300,,AT-299,AT-208,,0
11865,AT-257,AT-258,,,AT-215,AT-260,,AT-85,,AT-47,,,,,,,44,2,,,,,AT-299,,AT-314,AT-302,AT-307,0
11868,AT-258,AT-304,,,AT-260,AT-98,,AT-230,,AT-47,,,,,,,48,2,,,,,AT-312,,AT-302,AT-222,AT-316,0
11878,AT-258,AT-304,,,AT-317,AT-260,,AT-230,,AT-47,,,,,,,50,0,,,,,AT-202,,AT-107,AT-313,AT-26,0
11884,AT-258,AT-304,,,AT-260,AT-97,,AT-230,,AT-255,,,,,,,40,0,,,,,AT-26,,AT-219,AT-220,AT-108,0
11895,AT-56,AT-94,,,AT-98,AT-215,,AT-230,,AT-47,,,,,,,44,0,,,,,AT-107,,AT-202,AT-300,AT-210,0
11900,AT-305,AT-304,,,AT-260,AT-259,,AT-85,,,,,,,,,44,4,,,,,AT-300,,AT-208,AT-209,,0
11908,AT-304,AT-305,,,AT-317,AT-98,,AT-212,,AT-255,,,,,,,40,11,,,,,AT-311,,AT-300,AT-208,,83
11912,AT-305,AT-46,,,AT-98,AT-260,,AT-85,,AT-255,,,,,,,45,3,,,,,AT-208,,AT-209,AT-300,,0
11914,AT-257,AT-256,,,AT-317,AT-97,,AT-230,,AT-47,AT-172,,,,,,50,2,,,,,AT-19,,AT-197,AT-203,AT-202,0
11916,AT-304,AT-94,,,AT-235,AT-236,,AT-212,,AT-255,,AT-10,,,,,44,3,,,,,AT-298,,AT-107,AT-103,AT-210,0
11922,AT-305,AT-258,,,AT-98,AT-317,,AT-85,,AT-255,,,,,,,45,11,,,,,AT-300,,AT-311,AT-209,,87
11924,AT-258,AT-304,,,AT-236,AT-260,,AT-85,,AT-255,,,,,,,50,0,,,,,AT-202,,AT-204,AT-203,AT-205,0
11939,AT-256,AT-304,,,AT-214,AT-215,,AT-230,,AT-47,,AT-10,,,,,44,3,,,,,AT-298,,AT-207,AT-311,AT-314,0
11940,AT-305,AT-46,,,AT-214,AT-318,,AT-230,,AT-255,AT-172,,,,,,48,4,,,,,AT-205,,AT-219,AT-300,AT-311,286
11941,AT-258,AT-304,,,AT-318,AT-260,,AT-230,,AT-255,,,,,,,44,0,,,,,AT-202,,AT-109,AT-204,AT-205,0
11942,AT-258,AT-304,,,AT-97,AT-215,,AT-212,,AT-255,AT-86,,,,,,40,1,,,,,AT-315,,AT-302,AT-220,AT-103,0
11945,AT-304,AT-305,,,AT-97,AT-98,,AT-230,,AT-255,AT-86,,,,,,44,2,,,,,AT-202,,AT-202,AT-109,AT-197,0
11946,AT-305,AT-304,,,AT-260,AT-98,,AT-212,,AT-255,AT-172,,,,,,43,0,,,,,AT-110,,AT-197,AT-209,AT-107,36
11947,AT-256,AT-258,,,AT-260,AT-259,,AT-230,,AT-255,,,,,,,50,0,,,,,AT-202,,AT-203,AT-205,AT-204,0
11952,AT-258,,,,AT-236,AT-214,,AT-212,,AT-255,,,,,,,48,4,,,,,AT-207,,AT-205,AT-219,AT-312,286
11972,AT-304,AT-256,,,AT-259,AT-260,,AT-230,,AT-47,,AT-10,,,,,44,7,,,,,AT-108,,AT-205,AT-217,AT-302,0
11974,AT-304,AT-305,,,AT-236,AT-214,,AT-85,AT-12,AT-47,AT-172,,,,,,44,4,,,,,AT-319,AT-12,AT-309,AT-299,AT-301,62
11976,AT-258,AT-94,,,AT-215,AT-97,,AT-212,,AT-255,,,,,,,45,2,,,,,AT-307,,AT-310,AT-219,AT-205,0
11977,AT-258,AT-94,,,AT-98,AT-214,,AT-230,,AT-255,,,,,,,50,2,,,,,AT-131,,AT-192,AT-203,AT-197,0
11978,AT-94,AT-304,,,AT-260,AT-97,,AT-230,,AT-255,,,,,,,44,3,,,,,AT-205,,AT-219,AT-207,AT-311,78
11979,AT-256,AT-258,,,AT-259,AT-98,,AT-212,,AT-47,,AT-10,,,,,50,7,,,,,AT-216,,AT-298,AT-315,AT-310,0
11980,AT-256,AT-258,,,AT-98,AT-318,,AT-212,,AT-47,,AT-10,,,,,45,3,,,,,AT-310,,AT-107,AT-103,,0
11982,AT-258,AT-256,,,AT-260,AT-259,,AT-230,,AT-255,,,,,,,46,0,,,,,AT-202,,AT-203,AT-204,AT-205,0
11984,AT-258,AT-304,,,AT-97,AT-260,,AT-230,,AT-255,AT-86,,,,,,43,2,,,,,AT-19,,AT-108,AT-218,AT-206,36
11986,AT-256,AT-305,,,AT-97,AT-260,,AT-230,,AT-47,AT-86,,,,,,44,5,,,,,AT-202,,AT-217,AT-299,AT-302,145
11988,AT-256,AT-304,,,AT-260,AT-98,,AT-85,,AT-255,AT-172,,,,,,44,0,,,,,AT-108,,AT-19,AT-203,AT-110,48
11990,AT-94,AT-258,,,AT-259,AT-236,,AT-212,,AT-47,,,,,,,46,1,,,,,AT-207,,AT-205,AT-311,AT-307,286
11991,AT-258,AT-256,,,AT-214,AT-97,,AT-212,,AT-255,,,,,,,50,0,,,,,AT-109,,AT-209,AT-207,AT-300,0
11992,AT-94,AT-304,,,AT-317,AT-97,,AT-230,,AT-47,,AT-10,,,,,44,7,,,,,AT-209,,AT-205,AT-219,AT-107,0
11995,AT-94,AT-56,,,AT-98,AT-260,,AT-212,,AT-255,,,,,,,50,0,,,,,AT-202,,AT-109,AT-205,AT-300,0
11998,AT-256,AT-258,,,AT-260,AT-259,,AT-230,AT-115,AT-255,,,,,,,46,0,,,,,AT-202,AT-115,AT-203,AT-204,AT-205,0
12006,AT-94,AT-304,,,AT-259,AT-260,,,,AT-255,,,,,,,40,3,,,,,AT-107,,AT-26,AT-209,AT-207,0
12010,AT-258,AT-94,,,AT-215,AT-260,,,,AT-255,AT-86,,,,,,50,2,,,,,AT-315,,AT-219,AT-217,AT-312,0
12012,AT-256,AT-258,,,AT-97,AT-98,,,,AT-47,AT-172,,,,,,45,7,,,,,AT-310,,AT-207,AT-314,,0
12013,AT-305,AT-258,,,AT-97,AT-98,,AT-230,,AT-255,AT-172,,,,,,50,1,,,,,AT-205,,AT-315,AT-310,AT-207,0
12015,AT-304,AT-256,,,AT-259,AT-260,,,,AT-47,AT-86,,,,,,44,3,,,,,AT-298,,AT-202,AT-107,AT-210,0
12016,AT-256,AT-258,,,AT-236,AT-97,,,,AT-255,AT-172,,,,,,50,0,,,,,AT-219,,AT-109,AT-202,AT-302,0
12019,AT-258,AT-256,,,AT-318,AT-97,,,,AT-255,AT-172,,,,,,44,0,,,,,AT-109,,AT-202,AT-300,AT-311,0
12026,AT-256,AT-258,,,AT-97,AT-98,,,,AT-255,AT-86,,,,,,44,1,,,,,AT-210,,AT-207,AT-26,AT-307,0
12036,AT-304,AT-94,,,AT-98,AT-318,,,,AT-47,AT-86,,,,,,44,0,,,,,AT-204,,AT-205,AT-202,AT-300,0
12038,AT-305,AT-256,,,AT-97,AT-260,,,,AT-255,AT-326,,,,,,44,1,,,,,AT-207,,AT-205,AT-219,AT-311,0
12042,AT-256,AT-258,,,AT-260,AT-259,,,,AT-47,AT-86,,,,,,50,0,,,,,AT-202,,AT-204,AT-207,AT-206,0
12043,AT-304,AT-94,,,AT-260,AT-259,,,,AT-47,AT-172,,,,,,44,0,,,,,AT-202,,AT-109,AT-205,AT-209,0
12044,AT-258,AT-304,,,AT-260,AT-97,,,,AT-255,AT-86,,,,,,48,0,,,,,AT-209,,AT-108,AT-315,AT-202,0
12045,AT-258,AT-304,,,AT-260,AT-97,,,,AT-47,AT-86,,,,,,44,0,,,,,AT-202,,AT-204,AT-205,AT-109,0
12047,AT-304,AT-305,,,AT-260,AT-236,,,,AT-47,AT-326,,,,,,44,7,,,,,AT-319,,AT-210,AT-313,AT-216,0
12048,AT-258,AT-256,,,AT-98,AT-97,,,,AT-47,,,,,,,45,7,,,,,AT-223,,AT-314,AT-219,AT-205,0
12049,AT-258,AT-256,,,AT-317,AT-260,,,,AT-255,AT-172,,,,,,45,0,,,,,AT-109,,AT-202,AT-205,AT-300,0
12058,AT-258,AT-256,,,AT-259,AT-318,,,,AT-255,AT-86,,,,,,48,0,,,,,AT-202,,AT-204,AT-209,AT-205,0
12064,AT-256,AT-258,,,AT-214,AT-97,,,AT-115,AT-255,AT-172,,,,,,50,0,,,,,AT-209,AT-115,AT-205,AT-202,AT-307,0
12065,AT-256,AT-258,,,AT-259,AT-260,,,,AT-47,,,,,,,50,7,,,,,AT-314,,AT-205,AT-219,,0
12069,AT-94,AT-3,,,AT-98,AT-214,,,,AT-255,AT-306,,,,,,44,0,,,,,AT-104,,AT-110,AT-131,AT-202,0
12075,AT-304,AT-94,,,AT-259,AT-97,,,AT-12,AT-255,,,,,,,44,3,,,,,AT-298,AT-12,AT-103,AT-210,AT-107,0
12083,AT-305,AT-258,,,AT-98,AT-260,,AT-230,,,,,,,,,45,11,,,,,AT-311,,AT-300,AT-299,,87
12085,AT-304,AT-258,,,AT-259,AT-260,,AT-230,,,AT-172,,,,,,44,0,,,,,AT-202,,AT-107,,AT-319,79
12086,AT-305,AT-304,,,AT-98,AT-259,,AT-230,,,AT-86,,,,,,48,4,,,,,AT-202,,AT-219,AT-300,,87
12087,AT-258,AT-304,,,AT-259,AT-97,,AT-230,,,AT-86,,,,,,41,0,,,,,AT-107,,AT-202,,AT-210,59
12089,AT-94,AT-304,,,AT-260,AT-98,,AT-230,,,AT-172,,,,,,40,5,,,,,AT-319,,AT-210,,AT-24,164
12094,AT-258,AT-304,,,AT-259,AT-214,,AT-230,,,AT-172,,,,,,50,0,,,,,AT-314,,AT-312,,AT-315,51
12096,AT-258,AT-304,,,AT-260,AT-215,,AT-230,,,AT-86,,,,,,44,2,,,,,AT-299,,AT-222,AT-197,AT-319,0
12097,AT-56,,,,AT-98,AT-260,,AT-212,,,AT-172,,,,,,50,0,,,,,AT-202,,AT-315,,AT-300,0
12103,AT-304,AT-258,,,AT-260,AT-98,,AT-212,,,AT-172,,,,,,50,0,,,,,AT-299,,AT-315,,AT-319,51
12104,AT-258,AT-304,,,AT-97,AT-98,,AT-230,,,AT-86,,,,,,44,2,,,,,AT-27,,AT-301,,,0
12109,AT-305,AT-256,,,AT-260,AT-317,,AT-230,,,AT-86,,,,,,48,11,,,,,AT-300,,AT-299,AT-208,,87
12111,AT-94,AT-56,,,AT-260,AT-215,,AT-212,,,AT-306,,,,,,44,0,,,,,AT-223,,AT-314,AT-220,AT-223,55
12112,AT-304,AT-57,,,AT-317,AT-259,,AT-85,,,AT-86,AT-114,,,,,44,0,,,,,AT-204,,AT-218,AT-222,AT-219,0
12113,AT-258,AT-304,,,AT-260,AT-98,,AT-230,,,AT-172,,,,,,50,0,,,,,AT-319,,AT-209,,AT-107,79
12115,AT-258,AT-304,,,AT-260,AT-214,,AT-212,,,AT-172,,,,,,48,1,,,,,AT-210,,AT-300,,AT-319,51
12116,AT-305,AT-46,,,AT-260,AT-98,,AT-212,,,AT-172,,,,,,40,11,,,,,AT-300,,AT-208,AT-209,,83
12121,AT-258,AT-304,,,AT-259,AT-260,,AT-230,,,AT-86,,,,,,48,0,,,,,AT-299,,AT-219,,AT-307,268
12122,AT-256,AT-304,,,AT-214,AT-97,,AT-212,,,AT-86,,,,,,44,0,,,,,AT-302,,AT-307,,AT-209,0
12124,AT-258,AT-304,,,AT-318,AT-97,,AT-230,,,AT-86,,,,,,40,0,,,,,AT-209,,AT-202,,AT-314,42
12125,AT-304,AT-46,,,AT-236,AT-98,,AT-212,,,AT-172,,,,,,45,3,,,,,AT-300,,AT-208,AT-209,,0
12127,AT-305,AT-46,,,AT-260,AT-98,,AT-230,,,AT-172,,,,,,40,3,,,,,AT-300,,AT-208,AT-209,,170
12128,AT-305,AT-258,,,AT-98,AT-214,,AT-230,,,AT-172,,,,,,45,11,,,,,AT-300,,AT-311,AT-209,,87
12132,AT-257,AT-258,,,AT-260,AT-97,,AT-230,,,AT-86,,,,,,48,2,,,,,AT-220,,AT-24,AT-24,,0
12171,AT-304,AT-227,,,AT-236,AT-260,,AT-230,,,AT-325,AT-13,,,,,40,0,,,,,AT-202,,AT-107,AT-219,AT-220,0
12180,AT-305,AT-258,,,AT-318,AT-260,,AT-230,AT-12,AT-255,AT-324,,,,,,44,3,,,,,AT-300,AT-12,AT-208,AT-209,,0
12232,AT-304,AT-56,,,AT-235,AT-317,,AT-230,AT-115,AT-255,AT-324,AT-114,,,,,50,0,,,,,AT-208,AT-115,AT-208,AT-219,AT-192,0
12241,AT-304,AT-256,,,AT-236,AT-98,,AT-230,AT-12,AT-255,AT-326,,,,,,44,0,,,,,AT-192,AT-12,AT-202,AT-319,,0
12244,AT-258,AT-256,,,AT-236,AT-260,,AT-212,AT-12,AT-47,AT-326,,,,,,46,2,,,,,AT-131,AT-12,AT-192,AT-202,AT-19,0
12245,AT-258,AT-304,,,AT-214,AT-235,,AT-230,AT-12,AT-255,AT-325,,,,,,48,6,,,,,AT-107,AT-12,AT-24,AT-300,AT-202,0
12246,AT-305,AT-46,,,AT-317,AT-260,,AT-212,AT-12,AT-255,AT-326,,,,,,48,3,,,,,AT-300,AT-12,AT-311,AT-208,,0
12255,AT-304,AT-305,,,AT-97,AT-235,,AT-212,AT-115,AT-255,AT-326,,,,,,40,2,,,,,AT-131,AT-115,AT-192,AT-197,AT-19,0
12264,AT-305,AT-304,,,AT-259,AT-259,,AT-230,AT-115,AT-255,AT-326,AT-114,,,,,44,0,,,,,AT-202,AT-115,AT-24,AT-117,AT-218,0
12267,AT-305,AT-258,,,AT-235,AT-214,,AT-212,AT-12,AT-47,AT-324,,,,,,44,1,,,,,AT-110,AT-12,AT-202,AT-108,AT-27,0
12268,AT-258,AT-256,,,AT-318,AT-98,,AT-230,AT-12,AT-47,AT-213,,,,,,46,2,,,,,AT-19,AT-12,AT-192,AT-26,AT-197,0
12269,AT-257,AT-304,,,AT-317,AT-97,,AT-212,AT-12,AT-255,AT-324,,,,,,48,0,,,,,AT-202,AT-12,AT-104,,AT-316,0
12274,AT-304,AT-94,,,AT-236,AT-98,,AT-230,AT-12,AT-47,AT-326,AT-10,,,,,44,2,,,,,AT-117,AT-12,AT-197,AT-203,AT-104,0
12279,AT-304,AT-258,,,AT-97,AT-214,,AT-230,AT-12,AT-47,AT-325,,,,,,44,2,,,,,AT-109,AT-12,AT-26,AT-311,AT-26,0
12287,AT-258,AT-257,,,AT-214,AT-235,,AT-212,AT-12,AT-255,AT-324,,,,,,40,2,,,,,AT-300,AT-12,AT-308,,,0
12290,AT-305,AT-258,,,AT-236,AT-214,,AT-212,AT-12,AT-255,AT-326,,,,,,48,11,,,,,AT-311,AT-12,AT-300,AT-299,,0
12291,AT-304,AT-21,,,AT-236,AT-98,,AT-230,AT-12,AT-255,AT-326,,,,,,41,0,,,,,AT-107,AT-12,AT-202,AT-109,AT-316,0
12296,AT-304,AT-305,,,AT-235,AT-259,,AT-212,AT-12,AT-47,AT-326,,,,,,48,2,,,,,,AT-12,AT-117,AT-117,AT-109,0
12299,AT-305,AT-46,,,AT-236,AT-98,,AT-230,AT-12,AT-255,AT-324,,,,,,40,11,,,,,AT-311,AT-12,AT-300,AT-27,,0
12307,AT-21,AT-94,,,AT-215,AT-236,,AT-230,AT-12,AT-47,AT-324,,,,,,46,0,,,,,AT-202,AT-12,AT-311,AT-314,AT-107,0
12349,AT-256,AT-258,,,AT-317,AT-236,,,AT-115,AT-255,AT-325,,,,,,46,0,,,,,AT-207,AT-115,AT-299,AT-202,,0
12350,AT-21,AT-304,,,AT-215,AT-235,,,AT-12,AT-47,AT-324,,,,,,43,4,,,,,AT-217,AT-12,AT-302,AT-107,,0
12352,AT-21,AT-304,,,AT-260,AT-215,,,AT-115,AT-47,AT-324,,,,,,40,1,,,,,AT-207,AT-115,AT-107,AT-220,,35
12360,AT-304,AT-305,,,AT-235,AT-98,,,AT-115,AT-255,AT-326,,,,,,46,0,,,,,AT-205,AT-115,AT-107,AT-210,,0
12361,AT-94,AT-304,,,AT-318,AT-97,,,AT-12,AT-47,,,,,,,40,0,,,,,AT-202,AT-12,AT-205,AT-209,,0
12365,AT-94,AT-304,,,AT-318,AT-235,,,AT-12,AT-47,AT-325,,,,,,45,0,,,,,AT-202,AT-12,AT-204,AT-205,,0
12372,AT-256,AT-305,,,AT-318,AT-260,,,AT-115,AT-255,AT-324,,,,,,44,0,,,,,AT-110,AT-115,AT-117,AT-104,AT-117,0
12394,AT-94,AT-21,,,AT-214,AT-97,,,AT-115,AT-255,AT-326,,,,,,42,0,,,,,AT-109,AT-115,AT-300,AT-299,,0
12398,AT-304,AT-305,,,AT-260,AT-236,,AT-212,AT-12,AT-47,AT-326,,,,,,40,9,,,,,AT-319,AT-12,AT-210,AT-313,AT-216,38
12424,AT-256,AT-258,,,AT-318,AT-98,,,AT-12,AT-255,AT-325,,,,,,44,0,,,,,AT-202,AT-12,AT-109,AT-205,AT-311,0
12427,AT-94,AT-56,,,AT-236,AT-318,,,AT-12,AT-255,AT-325,,,,,,45,0,,,,,AT-202,AT-12,AT-109,AT-205,AT-300,0
12430,AT-258,AT-305,,,AT-260,AT-259,,,AT-12,AT-255,AT-326,,,,,,40,1,,,,,AT-219,AT-12,AT-103,AT-299,AT-314,35
12436,AT-258,AT-304,,,AT-97,AT-236,,,AT-12,AT-255,AT-324,,,,,,49,3,,,,,AT-207,AT-12,AT-209,AT-108,,0
12437,AT-258,AT-304,,,AT-260,AT-236,,,AT-12,AT-255,AT-326,,,,,,45,2,,,,,AT-107,AT-12,AT-107,AT-202,AT-104,0
12439,AT-258,AT-304,,,AT-259,AT-236,,,AT-12,AT-47,AT-326,,,,,,45,2,,,,,,AT-12,AT-27,AT-26,,0
12441,AT-257,AT-304,,,AT-260,AT-260,,,AT-12,AT-47,AT-324,,,,,,46,3,,,,,AT-307,AT-12,AT-313,AT-217,AT-209,0
12443,AT-258,AT-305,,,AT-214,AT-236,,,AT-12,AT-255,AT-326,,,,,,40,2,,,,,AT-219,AT-12,AT-310,AT-205,,0
12444,AT-256,AT-258,,,AT-97,AT-260,,N/A,AT-12,AT-255,AT-324,AT-10,,,,,50,0,,,,,AT-313,AT-12,AT-312,AT-315,AT-209,0
12447,AT-256,AT-258,,,AT-318,AT-235,,,AT-12,AT-255,AT-172,,,,,,48,0,,,,,AT-109,AT-12,AT-202,AT-205,AT-299,0
12450,AT-94,AT-21,,,AT-318,AT-97,,,AT-12,AT-47,AT-326,,,,,,46,0,,,,,AT-109,AT-12,AT-202,,,0
12451,AT-21,AT-3,,,AT-259,AT-97,,,AT-115,AT-255,AT-306,,,,,,44,3,,,,,AT-223,AT-115,AT-307,AT-298,,35
12452,AT-257,AT-304,,,AT-260,,,,,AT-255,AT-325,,,,,,42,2,,,,,AT-19,,AT-192,AT-202,AT-202,0
12455,AT-256,AT-258,,,AT-317,AT-236,,,AT-12,AT-255,AT-324,,,,,,48,0,,,,,AT-202,AT-12,AT-299,AT-300,AT-207,0
12459,AT-256,AT-305,,,AT-98,AT-236,,AT-230,AT-12,AT-47,,,,,,,43,2,,,,,AT-299,AT-12,AT-310,AT-217,AT-103,45
12490,AT-305,AT-258,,,AT-259,AT-260,,AT-230,,,AT-324,,,,,,44,3,,,,,AT-208,,AT-209,AT-299,,0
12523,AT-305,AT-46,,,AT-317,AT-215,,AT-230,,,,,,,,,40,11,,,,,AT-300,,AT-311,AT-208,,0
12535,AT-304,AT-305,,,AT-259,AT-236,,AT-230,,,AT-326,,,,,,44,2,,,,,AT-192,,,,,0
12547,AT-46,AT-304,,,AT-236,AT-318,,AT-230,,,AT-324,AT-10,,,,,44,0,,,,,AT-192,,AT-203,,,0
12552,AT-258,AT-305,,,AT-97,,,AT-230,,,AT-324,,,,,,48,11,,,,,AT-216,,,,,0
12567,AT-304,AT-305,,,AT-236,AT-317,,AT-212,,,AT-326,AT-114,,,,,50,0,,,,,AT-217,,AT-221,AT-117,AT-220,0
12569,AT-256,AT-258,,,AT-318,AT-214,,AT-212,,,AT-325,,,,,,46,2,,,,,AT-192,,,,,0
12570,AT-57,AT-329,,,AT-317,AT-82,,AT-212,,,AT-324,AT-114,,,,,50,0,,,,,,,AT-209,AT-210,AT-210,0
12571,AT-257,AT-258,,,AT-317,AT-236,,AT-212,,,AT-325,,,,,,46,2,,,,,AT-298,,AT-316,,,0
12573,AT-304,AT-56,,,AT-317,AT-317,,AT-212,,,AT-324,AT-114,,,,,45,0,,,,,AT-222,,AT-218,AT-216,AT-221,0
12576,AT-304,,,,AT-317,AT-236,,AT-212,,,AT-326,,,,,,41,0,,,,,AT-316,,AT-319,,,0
12578,AT-304,AT-305,,,AT-259,AT-83,,AT-212,,,AT-325,AT-114,,,,,48,0,,,,,AT-202,,AT-210,AT-19,AT-202,0
12579,AT-304,AT-305,,,AT-260,,,AT-212,,,AT-172,AT-114,,,,,50,0,,,,,AT-206,,AT-219,AT-208,,0
12580,AT-304,AT-305,,,AT-260,AT-317,,AT-212,,,AT-324,AT-114,,,,,50,0,,,,,AT-209,,AT-221,AT-218,AT-218,0
12581,AT-305,AT-304,,,AT-98,AT-317,,AT-230,,,AT-324,,,,,,48,11,,,,,AT-300,,AT-311,,,0
12583,AT-305,AT-258,,,AT-214,AT-97,,AT-212,,,,,,,,,48,11,,,,,AT-311,,AT-300,,,0
12585,AT-305,AT-258,,,AT-236,AT-317,,AT-212,,,,,,,,,44,3,,,,,AT-300,,AT-311,,,0
12587,AT-304,AT-56,,,AT-259,AT-82,,AT-212,,,AT-324,,,,,,44,0,,,,,AT-208,,AT-217,,AT-210,0
12588,AT-305,AT-46,,,AT-236,AT-98,,AT-230,,,,,,,,,40,11,,,,,AT-300,,AT-311,,,0
12589,AT-256,AT-258,,,AT-260,AT-318,,AT-212,,,,,,,,,44,2,,,,,AT-300,,AT-299,AT-298,,0
12591,AT-258,AT-94,,,AT-236,AT-317,,AT-212,,,AT-325,,,,,,4,2,,,,,AT-313,,AT-310,,,0
12595,AT-304,AT-305,,,AT-235,AT-97,,AT-212,,,AT-324,,,,,,43,2,,,,,AT-19,,AT-19,,,0
12599,AT-304,AT-56,,,AT-236,,,AT-230,,,AT-324,AT-114,,,,,44,0,,,,,AT-219,,AT-222,AT-219,AT-209,0
12600,AT-305,AT-258,,,AT-235,AT-236,,AT-212,,,AT-324,,,,,,44,11,,,,,AT-300,,AT-27,AT-24,,0
12602,AT-21,AT-304,,,AT-236,AT-215,,AT-212,,,AT-326,,,,,,42,0,,,,,AT-220,,AT-221,AT-300,,0
12611,AT-304,AT-304,,,AT-236,AT-260,,AT-230,,,AT-325,AT-13,,,,,50,0,,,,,AT-192,,AT-219,AT-24,AT-203,0
12613,AT-304,AT-258,,,AT-236,AT-318,,AT-212,,,AT-324,,,,,,40,2,,,,,,,AT-23,AT-24,,0
12651,AT-94,AT-258,,,AT-259,AT-260,,,AT-12,AT-47,AT-324,,,,,,46,3,,,,,AT-209,AT-12,AT-302,AT-220,,35
12655,AT-304,AT-258,,,AT-98,AT-318,,,AT-12,AT-255,AT-325,,,,,,49,3,,,,,AT-207,AT-12,AT-311,AT-309,AT-312,0
12679,AT-21,AT-304,,,AT-318,AT-215,,,AT-12,AT-47,AT-172,,,,,,40,4,,,,,AT-103,AT-12,AT-302,AT-205,AT-310,35
12692,AT-256,AT-304,,,AT-260,AT-214,,,AT-12,,AT-325,,,,,,43,2,,,,,AT-19,AT-12,AT-192,,AT-209,0
12694,AT-256,AT-258,,,,AT-236,,,AT-115,AT-255,AT-325,,,,,,44,0,,,,,AT-310,AT-115,AT-109,AT-209,AT-202,0
12702,AT-256,AT-304,,,AT-97,AT-260,,,AT-12,AT-255,AT-324,,,,,,40,0,,,,,AT-202,AT-12,AT-203,AT-204,AT-209,0
12711,AT-258,AT-304,,,AT-260,AT-236,,,AT-12,AT-47,AT-324,,,,,,49,2,,,,,,AT-12,AT-27,AT-26,,0
12717,AT-304,,,,AT-236,AT-318,,,AT-12,AT-47,AT-86,,,,,,48,4,,,,,AT-312,AT-12,AT-307,AT-302,,35
12718,AT-94,AT-258,,,AT-236,AT-318,,,AT-12,AT-255,AT-324,,,,,,49,5,,,,,AT-205,AT-12,AT-207,AT-219,AT-310,35
12719,AT-21,AT-304,,,AT-260,AT-215,,,AT-115,AT-47,AT-326,,,,,,43,2,,,,,AT-205,AT-115,AT-219,AT-311,AT-207,40
12720,AT-256,AT-304,,,AT-236,AT-318,AT-225,,AT-12,AT-255,AT-324,,,,,,44,0,,,,,AT-197,AT-12,AT-197,AT-107,AT-202,0
12723,AT-258,AT-256,,,AT-259,AT-318,,,AT-12,AT-255,AT-325,,,,,,49,0,,,,,AT-310,AT-12,AT-302,AT-312,AT-210,0
12724,AT-256,AT-258,,,AT-318,AT-98,,,AT-12,AT-47,AT-326,,,,,,48,5,,,,,AT-310,AT-12,AT-314,AT-205,,0
12727,AT-258,AT-304,,,AT-97,AT-236,,,AT-12,AT-255,AT-324,,,,,,50,1,,,,,AT-312,AT-12,AT-107,AT-205,,0
12730,AT-21,AT-94,,,AT-236,AT-97,,,AT-115,AT-255,AT-324,,,,,,46,6,,,,,AT-299,AT-115,AT-314,AT-302,,35
12732,AT-304,AT-256,,,AT-318,AT-235,,,AT-12,AT-47,AT-326,,,,,,40,4,,,,,AT-220,AT-12,AT-311,AT-202,,0
12733,AT-304,AT-256,,,AT-318,AT-260,,,AT-12,AT-47,AT-326,,,,,,46,0,,,,,AT-202,AT-12,AT-204,AT-205,AT-109,0
12734,AT-256,AT-258,,,AT-236,AT-260,,N/A,AT-12,AT-255,AT-326,,,,,,40,0,,,,,AT-312,AT-12,AT-315,AT-108,AT-313,0
12735,AT-256,AT-258,,,AT-98,AT-318,,,AT-12,AT-255,AT-325,,,,,,40,0,,,,,AT-109,AT-12,AT-300,AT-205,AT-299,0
12736,AT-256,AT-258,,,AT-236,AT-317,,,AT-12,AT-255,AT-86,,,,,,44,0,,,,,AT-108,AT-12,AT-117,AT-192,AT-107,0
12738,AT-257,AT-304,,,AT-260,,,,,AT-255,AT-325,,,,,,45,0,,,,,AT-19,,AT-192,AT-202,AT-202,0
12742,AT-304,AT-305,,,AT-235,AT-215,,,AT-12,AT-47,AT-172,,,,,,45,4,,,,,AT-220,AT-12,AT-312,AT-311,AT-217,35
12746,AT-258,AT-305,,,AT-317,AT-318,,,AT-12,AT-255,AT-172,,,,,,46,4,,,,,AT-223,AT-12,AT-312,AT-209,,46
12754,AT-94,AT-258,,,AT-236,AT-318,,,AT-12,AT-47,AT-324,,,,,,44,1,,,,,AT-107,AT-12,AT-205,AT-219,AT-311,0
12756,AT-256,AT-304,,,AT-214,AT-22,,,AT-12,AT-255,AT-325,,,,,,45,2,,,,,AT-104,AT-12,AT-197,AT-222,AT-107,0
12757,AT-258,AT-226,,,AT-260,AT-318,,,AT-12,AT-255,AT-326,,,,,,45,8,,,,,AT-192,AT-12,AT-202,,AT-107,0
12798,AT-305,AT-304,,,AT-236,AT-97,,AT-230,,,,,,,,,48,3,,,,,AT-208,,AT-209,AT-27,,0
12840,AT-304,AT-305,,,AT-235,AT-318,,AT-212,,,AT-326,AT-114,,,,,44,0,,,,,AT-197,,AT-220,AT-117,AT-221,0
12843,AT-94,AT-21,,,AT-215,AT-236,,AT-212,,,AT-324,,,,,,46,0,,,,,AT-107,,AT-210,AT-300,AT-319,0
12845,AT-305,AT-304,,,AT-98,AT-236,,AT-212,,,AT-324,,,,,,45,3,,,,,AT-311,,AT-208,AT-209,,0
12852,AT-258,AT-304,,,AT-236,AT-317,,AT-230,,,AT-324,,,,,,48,0,,,,,AT-107,,AT-202,,AT-209,0
12857,AT-258,AT-305,,,AT-317,AT-236,,AT-212,,,AT-326,,,,,,48,3,,,,,AT-311,,AT-208,AT-209,,0
12858,AT-305,AT-256,,,AT-98,AT-317,,AT-212,,,AT-326,,,,,,48,11,,,,,AT-300,,AT-108,AT-208,,0
12860,AT-256,AT-258,,,AT-260,AT-318,,AT-230,,,AT-324,,,,,,44,2,,,,,AT-300,,AT-299,AT-298,,0
12863,AT-304,AT-305,,,AT-260,AT-317,,AT-212,,,AT-324,AT-114,,,,,50,0,,,,,AT-209,,AT-221,AT-218,AT-218,0
12866,AT-94,AT-256,,,AT-317,,,AT-85,,,AT-326,,,,,,40,4,,,,,AT-210,,AT-209,,AT-300,0
12869,AT-305,AT-258,,,AT-214,AT-260,,AT-230,,,AT-324,,,,,,45,3,,,,,AT-311,,AT-208,AT-27,,0
12872,AT-256,AT-304,,,AT-97,AT-236,,AT-230,,,AT-326,,,,,,40,2,,,,,AT-192,,,,,0
12873,AT-304,AT-256,,,AT-98,AT-236,,AT-230,,,AT-326,,,,,,40,6,,,,,AT-312,,AT-219,AT-300,,0
12874,AT-304,AT-94,,,AT-98,AT-236,,AT-230,,,AT-324,,,,,,42,0,,,,,AT-210,,AT-302,AT-316,AT-319,0
12875,AT-258,AT-258,,,AT-318,AT-236,,AT-230,,,,,,,,,44,2,,,,,AT-197,,AT-202,,,0
12881,,AT-258,,,AT-215,AT-98,,AT-230,,,AT-324,,,,,,42,2,,,,,,,,AT-202,AT-202,0
12882,AT-304,AT-57,,,AT-235,AT-318,,AT-212,,,AT-324,,,,,,44,0,,,,,AT-216,,AT-220,AT-219,AT-23,0
12887,AT-304,AT-305,,,AT-259,AT-236,,AT-230,,,AT-326,AT-114,,,,,44,0,,,,,AT-197,,AT-221,AT-218,AT-202,0
12890,AT-258,AT-94,,,AT-236,AT-317,,AT-230,,,AT-324,,,,,,40,2,,,,,AT-313,,AT-300,,,0
12892,AT-304,AT-227,,,AT-236,AT-318,,AT-212,,,AT-326,AT-114,,,,,45,0,,,,,AT-210,,AT-223,AT-216,AT-23,0
12893,AT-256,AT-94,,,AT-317,AT-97,,AT-230,,,AT-325,,,,,,48,4,,,,,AT-24,,AT-197,AT-206,AT-222,0
12896,AT-305,AT-258,,,AT-236,AT-98,,AT-212,,,AT-326,,,,,,48,11,,,,,AT-300,,,,,0
12898,AT-57,AT-329,,,AT-317,AT-82,,AT-212,,,AT-324,AT-114,,,,,50,0,,,,,,,AT-209,AT-210,AT-210,0
12901,AT-304,AT-56,,,AT-317,AT-317,,AT-212,,,AT-324,AT-114,,,,,45,0,,,,,AT-222,,AT-218,AT-216,AT-221,0
12905,AT-305,AT-258,,,AT-318,AT-236,,AT-230,,,AT-325,,,,,,45,3,,,,,AT-307,,AT-219,AT-300,,0
12910,AT-305,AT-258,,,AT-235,AT-236,,AT-212,,,AT-325,,,,,,48,3,,,,,AT-208,,AT-209,AT-299,,0
12918,AT-304,AT-305,,,AT-235,AT-97,,AT-230,,,AT-324,,,,,,45,4,,,,,AT-19,,AT-19,,,0
12970,AT-304,AT-94,,,AT-98,AT-236,,AT-230,,,AT-306,,,,,,48,1,,,,,AT-24,,AT-202,,AT-300,0
12994,AT-305,AT-304,,,AT-236,AT-98,,AT-230,,,,,,,,,44,11,,,,,AT-208,,AT-209,,,0
13003,AT-304,,,,AT-214,AT-236,,AT-212,,,AT-324,,,,,,41,0,,,,,AT-310,,AT-107,,AT-202,0
13004,AT-305,AT-256,,,AT-260,AT-236,,AT-212,,,AT-326,,,,,,48,11,,,,,AT-27,,AT-24,,,0
13005,AT-305,AT-46,,,AT-214,AT-260,,AT-230,,,,,,,,,44,11,,,,,AT-311,,AT-300,AT-208,,0
13008,AT-304,AT-21,,,AT-98,AT-236,,AT-212,,,AT-324,,,,,,48,1,,,,,AT-209,,AT-220,AT-300,,0
13010,AT-304,AT-258,,,AT-259,AT-318,,AT-230,,,AT-326,,,,,,50,2,,,,,AT-26,,,AT-218,,0
13018,AT-305,AT-304,,,AT-235,AT-215,,AT-212,,,AT-326,,,,,,46,11,,,,,AT-219,,,,,0
13022,AT-304,AT-305,,,AT-236,AT-317,,AT-212,,,AT-326,AT-114,,,,,44,0,,,,,AT-208,,AT-307,AT-223,AT-222,0
13026,AT-258,AT-257,,,AT-260,AT-318,,AT-212,,,AT-324,AT-114,,,,,50,0,,,,,AT-197,,AT-205,AT-203,AT-205,0
13027,AT-304,AT-56,,,AT-317,AT-235,,AT-230,,,,AT-114,,,,,44,0,,,,,AT-192,,AT-108,AT-49,AT-27,0
13030,AT-258,AT-305,,,AT-98,AT-236,,AT-230,,,AT-324,,,,,,45,3,,,,,AT-311,,AT-300,,,0
13031,AT-304,AT-305,,,AT-236,AT-97,,AT-230,,,AT-326,,,,,,44,2,,,,,AT-107,,AT-108,,AT-208,0
13037,AT-258,,,,AT-318,AT-215,,AT-212,,,AT-325,,,,,,41,0,,,,,AT-219,,AT-300,,,0
13041,AT-304,AT-258,,,AT-214,AT-214,,AT-212,,,AT-325,,,,,,44,2,,,,,,,,,,0
13045,AT-304,AT-305,,,AT-236,AT-318,,AT-230,,,AT-324,AT-114,,,,,50,0,,,,,AT-216,,AT-217,,,0
13122,AT-94,AT-56,,,AT-318,AT-236,,,AT-12,AT-255,AT-326,,,,,,48,0,,,,,AT-202,AT-12,AT-205,AT-299,AT-300,0
13172,AT-304,AT-46,,,AT-260,AT-215,,AT-230,,AT-255,,,,,,,45,11,,,,,AT-300,,AT-311,AT-208,,87
13234,AT-256,AT-258,,,AT-236,AT-318,,,AT-12,AT-255,AT-326,,,,,,50,0,,,,,AT-202,AT-12,AT-203,AT-204,AT-209,0
13818,AT-304,AT-305,,,AT-235,AT-317,,AT-212,AT-115,AT-255,,AT-10,,,,,40,0,,,,,AT-25,AT-115,AT-209,AT-108,AT-208,0
13823,AT-304,AT-57,,,AT-82,AT-317,,AT-212,AT-115,AT-255,,AT-10,,,,,50,0,,,,,AT-217,AT-115,AT-220,AT-217,AT-217,0
14178,AT-304,AT-305,,,AT-259,AT-318,,AT-212,AT-115,AT-255,,AT-10,,,,,40,0,,,,,AT-131,AT-115,AT-217,AT-107,AT-223,0
14183,AT-258,AT-305,,,AT-235,AT-236,,AT-230,,,,,,,,,40,2,,,,,AT-209,,AT-302,AT-298,AT-307,0
14358,AT-304,AT-256,,,AT-318,AT-260,,AT-212,AT-12,AT-47,,AT-10,,,,,44,0,,,,,AT-197,AT-12,AT-203,AT-218,AT-28,0
14363,AT-256,AT-304,,,AT-236,AT-214,,AT-212,AT-12,AT-255,,,,,,,46,0,,,,,AT-202,AT-12,,,,0
15159,AT-256,AT-304,,,AT-259,AT-214,,AT-230,,AT-255,,,,,,,44,0,,,,,AT-216,,AT-210,AT-209,AT-26,0
15166,AT-258,AT-304,,,AT-259,AT-98,,AT-230,,AT-255,,,,,,,44,2,,,,,AT-117,,AT-103,AT-192,AT-205,0
15170,AT-305,AT-256,,,AT-214,AT-259,,AT-230,,AT-47,AT-172,,,,,,45,2,,,,,AT-302,,AT-28,AT-104,AT-103,145
15174,AT-256,AT-258,,,AT-214,AT-97,,AT-230,,AT-255,,,,,,,45,1,,,,,AT-207,,AT-219,AT-307,AT-312,146
15175,AT-256,AT-258,,,AT-260,AT-215,,AT-230,,AT-255,AT-86,,,,,,45,0,,,,,AT-104,,AT-108,AT-131,AT-117,36
15180,AT-256,AT-258,,,AT-260,AT-82,AT-79,,,AT-47,AT-86,,,,,,43,0,,,,,AT-197,,AT-202,AT-19,AT-104,0
15186,AT-258,AT-304,,,AT-236,AT-214,,AT-230,,,,,,,,,44,2,,,,,,,AT-300,AT-50,AT-319,0
15187,AT-228,AT-305,,,AT-97,AT-260,,AT-230,,,AT-86,,,,,,48,3,,,,,AT-208,,AT-209,AT-300,,87
15574,AT-256,AT-304,,,AT-97,AT-260,,AT-230,,,AT-86,,,,,,44,3,,,,,AT-208,,AT-27,AT-299,,87
15661,AT-258,AT-304,,,AT-236,AT-259,,,,AT-47,AT-326,,,,,,48,2,,,,,,,AT-117,AT-110,AT-117,0
15666,AT-258,AT-304,,,AT-260,AT-236,,AT-212,,,AT-326,,,,,,48,2,,,,,AT-298,,AT-301,,,0
15671,AT-304,AT-46,,,AT-214,,,AT-212,,,AT-324,AT-10,,,,,40,0,,,,,,,AT-210,AT-220,AT-217,0
15676,AT-305,AT-258,,,AT-259,AT-317,,AT-212,,,AT-326,,,,,,45,2,,,,,,,AT-197,AT-131,AT-203,0
15681,AT-258,AT-304,,,AT-259,AT-317,,AT-212,,,,,,,,,48,2,,,,,,,AT-131,AT-19,AT-117,0
15695,AT-256,AT-304,,,AT-235,AT-236,,,AT-12,AT-255,AT-325,,,,,,48,11,,,,,AT-208,AT-12,AT-209,AT-300,,0
15720,AT-305,,,,AT-97,AT-260,,AT-230,,,AT-325,,,,,,48,11,,,,,AT-208,,AT-300,,,0
15771,AT-304,AT-56,,,,AT-82,,AT-212,,,AT-324,AT-10,,,,,40,0,,,,,AT-217,,AT-223,AT-25,AT-223,0
15821,AT-258,AT-304,,,AT-259,AT-236,,AT-212,,,AT-326,,,,,,46,2,,,,,AT-131,,AT-110,,AT-192,0